RA,DEC,FWHM_WORLD,TILE_ID_NUMBER,TILE_ID,NUMBER,TEFF_BEST,TEFF_BEST_ERR,TEFF_SPHINX,TEFF_SPHINX_ERR,J0378,err_J0378,J0395,err_J0395,J0410,err_J0410,J0430,err_J0430,J0515,err_J0515,J0660,err_J0660,J0861,err_J0861,uJAVA,err_uJAVA,gSDSS,err_gSDSS,rSDSS,err_rSDSS,iSDSS,err_iSDSS,zSDSS,err_zSDSS,SPHINX_ID,NET_FEH,NET_FEH_ERR,NET_ARRAY_FEH_FLAG,gSDSS_rSDSS,gSDSS_iSDSS,gSDSS_F395,gSDSS_F410,gSDSS_F430,gSDSS_F515,gSDSS_F660,gSDSS_F861,rSDSS_iSDSS,rSDSS_F395,rSDSS_F410,rSDSS_F430,rSDSS_F515,rSDSS_F660,rSDSS_F861,iSDSS_F395,iSDSS_F410,iSDSS_F430,iSDSS_F515,iSDSS_F660,iSDSS_F861,F395_F410,F395_F430,F395_F515,F395_F660,F395_F861,F410_F430,F410_F515,F410_F660,F410_F861,F430_F515,F430_F660,F430_F861,F515_F660,F515_F861,F660_F861,SDSS_NAME,RA,DEC,THING_ID,PLATE,MJD,FIBERID,SPECTRO,Z,Z_ERR,SOURCE_Z,Z_VI,Z_PIPE,Z_PIPE_ERR,ZWARNING,Z_PCA,Z_PCA_ER,Z_MGII,BOSS_TARGET1,ANCILLARY_TARGET1,ANCILLARY_TARGET2,EBOSS_TARGET0,EBOSS_TARGET1,EBOSS_TARGET2,N_SPEC_SDSS,N_SPEC_BOSS,N_SPEC,PLATE_DUPLICATE,MJD_DUPLICATE,FIBERID_DUPLICATE,SPECTRO_DUPLICATE,BI_CIV,ERR_BI_CIV,RUN_NUMBER,RERUN_NUMBER,COL_NUMBER,FIELD_NUMBER,OBJ_ID,PSFFLUX,IVAR_PSFFLUX,PSFMAG,ERR_PSFMAG,MI,GAL_EXT,RASS_COUNTS,RASS_COUNTS_SNR,SDSS2ROSAT_SEP,FLUX_0.2_2.0keV,FLUX_0.2_2.0keV_ERR,FLUX_2.0_12.0keV,FLUX_2.0_12.0keV_ERR,FLUX_0.2_12.0keV,FLUX_0.2_12.0keV_ERR,LUM_0.2_12.0keV,SDSS2XMM_SEP,GALEX_MATCHED,FUV,FUV_IVAR,NUV,NUV_IVAR,JMAG,ERR_JMAG,JSNR,JRDFLAG,HMAG,ERR_HMAG,HSNR,HRDFLAG,KMAG,ERR_KMAG,KSNR,KRDFLAG,SDSS2MASS_SEP,W1MAG,ERR_W1MAG,W1SNR,W1CHI2,W2MAG,ERR_W2MAG,W2SNR,W2CHI2,W3MAG,ERR_W3MAG,W3SNR,W3CHI2,W4MAG,ERR_W4MAG,W4SNR,W4CHI2,CC_FLAGS,PH_FLAGS,SDSS2WISE_SEP,UKIDSS_MATCHED,YFLUX,YFLUX_ERR,JFLUX,JFLUX_ERR,HFLUX,HFLUX_ERR,KFLUX,KFLUX_ERR,FIRST_MATCHED,FIRST_FLUX,FIRST_SNR,SDSS2FIRST_SEP,Separation
120.92516684600001,30.381859631999998,3.8752469100000004E-4,26019-20537,26019,20537,5996.6,310.38735278231604,6044.0,75.0,16.5883026,0.01553158,17.2386932,0.0233594961,17.2741032,0.023723971099999998,17.1460457,0.0214874242,17.0580578,0.0204437021,16.733223000000002,0.0175444726,16.152359,0.0151671059,16.846246700000002,0.0175776072,17.0661697,0.00335689215,16.8007889,0.0031166705300000003,16.4529114,0.005661778620000001,16.2262592,0.017047463,19127,-3.2612575274022784,0.0,1.0,-1.0029356327771113,0.14283264577491034,1.4729101192135152,0.8676290870743544,1.3481835339308228,-3.6284621585277836,-0.6355185605260316,1.1442726642578611,2.595044249276464,1.3497453165386315,0.9377442110781804,1.1484458849334644,0.16215976009806296,0.8210268404410703,4.285481262105662,0.8312934885786346,0.24261107896932135,0.41025029072602176,-0.8586382760769397,-3.8977755570863706,6.7809399702488875,-1.8546800645410495,-1.6033389882097933,-1.745540277234456,-1.1698151585717842,-0.3482017903656398,1.5918424544917689,-1.4726344206607629,-0.7203777657318716,0.4331242551156071,-1.8582501282252064,-0.9176546082553944,0.2797096374170672,0.08191861239297378,1.8884014133676288,5.8295211544779635,080342.03+302254.7,120.92514038085938,30.38186264038086,-1,860,52319,469,SDSS,2.031,0.0,DR7Q,-1.0,-1.0,-1.0,-1,0.0,0.0,0.0,0,0,0,0,0,0,0,0,0,"(-1, -1, -1, -1, -1, -1, -1, -1, -1, -1, -1, -1, -1, -1, -1, -1, -1, -1, -1, -1, -1, -1, -1, -1, -1, -1, -1, -1, -1, -1, -1, -1, -1, -1, -1, -1, -1, -1, -1, -1, -1, -1, -1, -1, -1, -1, -1, -1, -1, -1, -1)","(-1, -1, -1, -1, -1, -1, -1, -1, -1, -1, -1, -1, -1, -1, -1, -1, -1, -1, -1, -1, -1, -1, -1, -1, -1, -1, -1, -1, -1, -1, -1, -1, -1, -1, -1, -1, -1, -1, -1, -1, -1, -1, -1, -1, -1, -1, -1, -1, -1, -1, -1)","(-1, -1, -1, -1, -1, -1, -1, -1, -1, -1, -1, -1, -1, -1, -1, -1, -1, -1, -1, -1, -1, -1, -1, -1, -1, -1, -1, -1, -1, -1, -1, -1, -1, -1, -1, -1, -1, -1, -1, -1, -1, -1, -1, -1, -1, -1, -1, -1, -1, -1, -1)","(-, -, -, -, -, -, -, -, -, -, -, -, -, -, -, -, -, -, -, -, -, -, -, -, -, -, -, -, -, -, -, -, -, -, -, -, -, -, -, -, -, -, -, -, -, -, -, -, -, -, -)",0.0,0.0,0,-,0,0,-,"(-9999.0, -9999.0, -9999.0, -9999.0, -9999.0)","(-9999.0, -9999.0, -9999.0, -9999.0, -9999.0)","(16.48200035095215, 16.46500015258789, 16.389999389648438, 16.156999588012695, 15.967000007629395)","(0.017999999225139618, 0.014999999664723873, 0.014999999664723873, 0.01899999938905239, 0.01600000075995922)",-29.675722,"(-9999.0, -9999.0, -9999.0, -9999.0, -9999.0)",0.0,0.0,-1.0,,,,,,,,,1.0,9.446451187133787,17.80969050925935,39.85218048095703,0.07787071665052306,15.111,0.053,24.7,2,14.473,0.055,22.6,2,13.873,0.059,23.8,2,0.022123,13.308,0.025,43.79999923706055,1.061,12.514,0.025,44.099998474121094,1.019,9.576,0.047,23.200000762939453,0.9149,7.566,0.025,7.0,0.9145,0000,AAAB,0.06274099999999999,0.0,0.0,0.0,0.0,0.0,0.0,0.0,0.0,0.0,0,-1.0,-1.0,-1.0,0.08290129071812917
137.516452737,31.0565495313,2.98872823E-4,26030-10454,26030,10454,5774.7,82.2766143745805,5757.0,153.0,18.457485199999997,0.0532463975,18.393898,0.053577739699999995,18.402124399999998,0.051225222599999995,18.2914925,0.0464870557,18.1052418,0.042245898399999995,17.4924278,0.029124818700000006,17.4305096,0.0416826196,18.581600199999997,0.0572556183,18.2193832,0.0247014258,17.764339399999994,0.0208081752,17.598007199999994,0.0470834672,17.481340399999997,0.0491377786,29527,-2.8725485675485487,0.8136509235886745,2.0,0.2131368572321475,0.1783906772444323,1.4667215790984822,1.0507328998835157,1.4065017281740346,-0.662219284724683,1.4170454645487418,0.6625200242151275,0.10941197369997936,0.9464905359454572,0.3808282835063916,0.5275137121447118,-0.5208041152950941,5.9700568116893535,1.3100892868364202,0.8129995974241109,0.28889294928077586,0.4092889405163491,-0.3558159924698625,5.861180932149282,3.3223242118015097,-1.7154746915394672,-1.552499452184968,-1.4433480293602878,-0.4068747488970543,-0.5593793196503221,1.074247153128402,-1.008848684820273,0.3850842663838253,0.05791846893333692,-1.2827839378121637,0.249425620935438,-0.055106882889668786,1.8977426332933216,0.8734487675820601,-1.4077335441545855,091003.94+310323.6,137.51644897460938,31.05655860900879,-1,1591,52976,35,SDSS,1.3736,0.0,DR7Q,-1.0,-1.0,-1.0,-1,0.0,0.0,0.0,0,0,0,0,0,0,0,0,0,"(-1, -1, -1, -1, -1, -1, -1, -1, -1, -1, -1, -1, -1, -1, -1, -1, -1, -1, -1, -1, -1, -1, -1, -1, -1, -1, -1, -1, -1, -1, -1, -1, -1, -1, -1, -1, -1, -1, -1, -1, -1, -1, -1, -1, -1, -1, -1, -1, -1, -1, -1)","(-1, -1, -1, -1, -1, -1, -1, -1, -1, -1, -1, -1, -1, -1, -1, -1, -1, -1, -1, -1, -1, -1, -1, -1, -1, -1, -1, -1, -1, -1, -1, -1, -1, -1, -1, -1, -1, -1, -1, -1, -1, -1, -1, -1, -1, -1, -1, -1, -1, -1, -1)","(-1, -1, -1, -1, -1, -1, -1, -1, -1, -1, -1, -1, -1, -1, -1, -1, -1, -1, -1, -1, -1, -1, -1, -1, -1, -1, -1, -1, -1, -1, -1, -1, -1, -1, -1, -1, -1, -1, -1, -1, -1, -1, -1, -1, -1, -1, -1, -1, -1, -1, -1)","(-, -, -, -, -, -, -, -, -, -, -, -, -, -, -, -, -, -, -, -, -, -, -, -, -, -, -, -, -, -, -, -, -, -, -, -, -, -, -, -, -, -, -, -, -, -, -, -, -, -, -)",0.0,0.0,0,-,0,0,-,"(-9999.0, -9999.0, -9999.0, -9999.0, -9999.0)","(-9999.0, -9999.0, -9999.0, -9999.0, -9999.0)","(18.437000274658203, 18.04599952697754, 17.71299934387207, 17.57699966430664, 17.461999893188477)","(0.023000000044703484, 0.017999999225139618, 0.01600000075995922, 0.024000000208616257, 0.02500000037252903)",-27.292086,"(-9999.0, -9999.0, -9999.0, -9999.0, -9999.0)",0.0,0.0,-1.0,,,,,,,,,1.0,0.3377896845340729,14.662758279540572,14.358201026916506,1.2677588228893375,16.3,0.129,8.6,2,15.319,0.122,9.7,2,15.16,,,0,0.14339200000000002,14.27,0.037000000000000005,29.200000762939453,1.355,13.282,0.035,31.299999237060547,0.8534,10.273,0.08,13.5,0.9089,7.5870000000000015,0.037000000000000005,4.699999809265137,0.7959999999999999,hhHH,AAAB,0.138623,0.0,0.0,0.0,0.0,0.0,0.0,0.0,0.0,0.0,0,-1.0,-1.0,-1.0,0.034678496930192954
151.59211671100002,30.2632805298,4.74405562E-4,26034-7039,26034,7039,5420.1,465.132917254171,6283.0,0.0,18.329141600000003,0.0432399213,17.8088417,0.028710644700000006,18.4095192,0.0561621934,18.085075399999997,0.0422127657,17.4031868,0.024784259500000003,17.011581399999994,0.018140886000000002,16.8293762,0.0193502773,17.9414711,0.0277994573,17.521675100000003,0.0121436249,17.113922100000003,0.00921954587,16.738966,0.0182734225,16.760387400000006,0.0207750425,31951,-5.233996145237158,0.0,1.0,-0.09008011661375416,0.8850794495408489,1.1166235610547053,-4.074127847758063,-2.2824786583414927,-0.5406119853584672,0.2873178117417516,0.29013170492220186,2.9657916172195216,0.8089661719507805,-1.846596028783989,-0.9881521310011988,-0.09912280686733044,1.6972698318239576,0.8439771636364158,0.3171790475596937,-2.0596410477205,-1.3781763453986078,-1.162012585513806,-3.7031431843890505,-3.381710376251048,-4.749376616255329,-3.525223498999396,-1.1160397688090244,-0.6076473342459371,-0.5317645312145817,7.4251352037881615,3.0614642099222764,1.8485010480524444,1.5787618326921031,1.619869499066496,1.0786492950586228,0.9407767170852565,0.5029339474239195,0.42996193902367547,0.2697974348693675,100622.11+301547.8,151.59213256835938,30.263282775878906,-1,1950,53436,601,SDSS,1.9113,0.0,DR7Q,-1.0,-1.0,-1.0,-1,0.0,0.0,0.0,0,0,0,0,0,0,0,0,0,"(-1, -1, -1, -1, -1, -1, -1, -1, -1, -1, -1, -1, -1, -1, -1, -1, -1, -1, -1, -1, -1, -1, -1, -1, -1, -1, -1, -1, -1, -1, -1, -1, -1, -1, -1, -1, -1, -1, -1, -1, -1, -1, -1, -1, -1, -1, -1, -1, -1, -1, -1)","(-1, -1, -1, -1, -1, -1, -1, -1, -1, -1, -1, -1, -1, -1, -1, -1, -1, -1, -1, -1, -1, -1, -1, -1, -1, -1, -1, -1, -1, -1, -1, -1, -1, -1, -1, -1, -1, -1, -1, -1, -1, -1, -1, -1, -1, -1, -1, -1, -1, -1, -1)","(-1, -1, -1, -1, -1, -1, -1, -1, -1, -1, -1, -1, -1, -1, -1, -1, -1, -1, -1, -1, -1, -1, -1, -1, -1, -1, -1, -1, -1, -1, -1, -1, -1, -1, -1, -1, -1, -1, -1, -1, -1, -1, -1, -1, -1, -1, -1, -1, -1, -1, -1)","(-, -, -, -, -, -, -, -, -, -, -, -, -, -, -, -, -, -, -, -, -, -, -, -, -, -, -, -, -, -, -, -, -, -, -, -, -, -, -, -, -, -, -, -, -, -, -, -, -, -, -)",0.0,0.0,0,-,0,0,-,"(-9999.0, -9999.0, -9999.0, -9999.0, -9999.0)","(-9999.0, -9999.0, -9999.0, -9999.0, -9999.0)","(18.26300048828125, 17.750999450683594, 17.118999481201172, 16.791000366210938, 16.851999282836914)","(0.020999999716877937, 0.027000000700354576, 0.020999999716877937, 0.014000000432133675, 0.029999999329447746)",-28.841846000000004,"(-9999.0, -9999.0, -9999.0, -9999.0, -9999.0)",0.0,0.0,-1.0,,,,,,,,,1.0,0.15929731726646426,13.459038184926426,2.0465059280395512,4.890359932503,15.972,0.08,14.2,2,15.739,0.16899999999999998,6.8,2,15.101,0.11,9.8,2,0.119145,14.35,0.028,38.20000076293945,1.148,13.419,0.031,35.5,0.9521,10.174,0.071,15.199999809265137,0.8268,7.747999999999998,0.028,4.300000190734863,0.8674,0000,AAAB,0.183538,0.0,0.0,0.0,0.0,0.0,0.0,0.0,0.0,0.0,0,-1.0,-1.0,-1.0,0.049965282481011335
130.53161456700002,32.4463070018,3.07911658E-4,26052-21372,26052,21372,6390.1,243.23249424058892,6371.0,282.0,17.260986300000006,0.0268717054,17.198192600000002,0.0250658989,17.046545000000002,0.0222992077,17.0496273,0.0216530934,16.819967300000002,0.0196484849,16.6546516,0.0192840099,16.4417343,0.0210235473,17.275629000000002,0.024618590299999996,17.0079575,0.00656053936,16.7675438,0.0065108384,16.485912300000006,0.011431243300000001,16.4459915,0.023028155800000002,54531,-3.1141731558963857,0.0,1.0,-1.1630185348998576,-0.2567088844898324,1.4178662046343864,2.0984773337204903,1.6350642674335365,1.403747986071796,-0.5294585636292493,-0.19601133281629102,1.6880353885245931,1.3650114235896709,1.595709795986865,1.3640980693442026,1.8349584381450768,1.963142760598892,1.2342357309753895,0.9643064909224202,0.9488743281626454,0.7647154508042654,0.5335411835413398,-1.076177693689653,0.1167644583363046,-0.8967707743519872,-1.3120052100247603,-1.1927751057282914,-1.096467300620655,-0.9148122604472556,-2.3034233786350318,-1.4122076554388932,-1.1669393901238692,-0.8588041764338087,-1.0285617448816036,-0.9715816303046904,-0.6936619178078905,-0.9239131059130606,-0.4294783548386965,0.6981105458530483,084207.58+322646.7,130.53158569335938,32.44630813598633,-1,1209,52674,514,SDSS,1.6844,0.0,DR7Q,-1.0,-1.0,-1.0,-1,0.0,0.0,0.0,0,0,0,0,0,0,0,0,0,"(-1, -1, -1, -1, -1, -1, -1, -1, -1, -1, -1, -1, -1, -1, -1, -1, -1, -1, -1, -1, -1, -1, -1, -1, -1, -1, -1, -1, -1, -1, -1, -1, -1, -1, -1, -1, -1, -1, -1, -1, -1, -1, -1, -1, -1, -1, -1, -1, -1, -1, -1)","(-1, -1, -1, -1, -1, -1, -1, -1, -1, -1, -1, -1, -1, -1, -1, -1, -1, -1, -1, -1, -1, -1, -1, -1, -1, -1, -1, -1, -1, -1, -1, -1, -1, -1, -1, -1, -1, -1, -1, -1, -1, -1, -1, -1, -1, -1, -1, -1, -1, -1, -1)","(-1, -1, -1, -1, -1, -1, -1, -1, -1, -1, -1, -1, -1, -1, -1, -1, -1, -1, -1, -1, -1, -1, -1, -1, -1, -1, -1, -1, -1, -1, -1, -1, -1, -1, -1, -1, -1, -1, -1, -1, -1, -1, -1, -1, -1, -1, -1, -1, -1, -1, -1)","(-, -, -, -, -, -, -, -, -, -, -, -, -, -, -, -, -, -, -, -, -, -, -, -, -, -, -, -, -, -, -, -, -, -, -, -, -, -, -, -, -, -, -, -, -, -, -, -, -, -, -)",0.0,0.0,0,-,0,0,-,"(-9999.0, -9999.0, -9999.0, -9999.0, -9999.0)","(-9999.0, -9999.0, -9999.0, -9999.0, -9999.0)","(17.61199951171875, 17.299999237060547, 17.090999603271484, 16.763999938964844, 16.70800018310547)","(0.017999999225139618, 0.01899999938905239, 0.02199999988079071, 0.01600000075995922, 0.01899999938905239)",-28.535526,"(-9999.0, -9999.0, -9999.0, -9999.0, -9999.0)",0.026611898,2.501086029249436,22.233611570699388,,,,,,,,,1.0,0.1762983798980713,42.364988667599825,16.896696090698242,2.208987806286232,15.707,0.069,18.2,2,15.212,0.087,12.3,2,14.815,0.09,12.8,2,0.043618,13.703,0.026,41.5,0.8303,12.418,0.024,45.20000076293945,0.9181,9.274,0.043,25.299999237060547,0.9642,6.956,0.026,11.699999809265137,1.147,0000,AAAA,0.116903,0.0,0.0,0.0,0.0,0.0,0.0,0.0,0.0,0.0,0,-1.0,-1.0,-1.0,0.0878136888519857
123.837272516,32.586939146199995,2.79144151E-4,26077-1563,26077,1563,6182.4,290.546660420105,6005.0,98.0,18.597988100000002,0.08078078179999999,18.180952100000006,0.0554001108,18.2800102,0.0490383767,18.2997532,0.0481437556,18.1956329,0.043107383,17.7698593,0.0318749435,17.5244102,0.0486739017,18.441291800000002,0.0670964271,18.166406600000002,0.025463508399999998,17.8339806,0.0193005763,17.5536251,0.0206756406,17.5369167,0.0408874042,79422,-3.510297190442643,0.11703990758707375,3.0,-0.573058306639885,0.14074411461402744,1.963872400282436,1.5532419271845719,0.9466862651934876,-4.673022112791823,-0.30419515692308513,0.0961672045796162,1.6705650007832429,1.54107463350527,1.0301332141590736,0.7370458864212729,-0.6902509532011141,0.7342310398005246,1.0806512666806136,1.1180434009448117,0.4995911191494412,0.265106129073508,-1.0479385782361812,-2.2772957880754836,-0.27218515832713625,-2.180617670352723,-2.7049939090030897,-2.2919446875354303,-1.3516442803395354,-1.0864334015274617,-2.798298736581182,-2.2280513159171265,-0.8124834161950548,-0.4819491576674974,-1.763772352604917,-0.5639088143550657,-0.27117946948791377,0.7183781125265161,0.8580267268610886,1.151801321276958,081520.94+323512.9,123.8372802734375,32.586936950683594,-1,861,52318,448,SDSS,1.5831,0.0,DR7Q,-1.0,-1.0,-1.0,-1,0.0,0.0,0.0,0,0,0,0,0,0,0,0,0,"(-1, -1, -1, -1, -1, -1, -1, -1, -1, -1, -1, -1, -1, -1, -1, -1, -1, -1, -1, -1, -1, -1, -1, -1, -1, -1, -1, -1, -1, -1, -1, -1, -1, -1, -1, -1, -1, -1, -1, -1, -1, -1, -1, -1, -1, -1, -1, -1, -1, -1, -1)","(-1, -1, -1, -1, -1, -1, -1, -1, -1, -1, -1, -1, -1, -1, -1, -1, -1, -1, -1, -1, -1, -1, -1, -1, -1, -1, -1, -1, -1, -1, -1, -1, -1, -1, -1, -1, -1, -1, -1, -1, -1, -1, -1, -1, -1, -1, -1, -1, -1, -1, -1)","(-1, -1, -1, -1, -1, -1, -1, -1, -1, -1, -1, -1, -1, -1, -1, -1, -1, -1, -1, -1, -1, -1, -1, -1, -1, -1, -1, -1, -1, -1, -1, -1, -1, -1, -1, -1, -1, -1, -1, -1, -1, -1, -1, -1, -1, -1, -1, -1, -1, -1, -1)","(-, -, -, -, -, -, -, -, -, -, -, -, -, -, -, -, -, -, -, -, -, -, -, -, -, -, -, -, -, -, -, -, -, -, -, -, -, -, -, -, -, -, -, -, -, -, -, -, -, -, -)",0.0,0.0,0,-,0,0,-,"(-9999.0, -9999.0, -9999.0, -9999.0, -9999.0)","(-9999.0, -9999.0, -9999.0, -9999.0, -9999.0)","(18.613000869750977, 18.277000427246094, 18.048999786376953, 17.809999465942383, 17.763999938964844)","(0.029999999329447746, 0.01899999938905239, 0.017999999225139618, 0.014000000432133675, 0.027000000700354576)",-27.327444,"(-9999.0, -9999.0, -9999.0, -9999.0, -9999.0)",0.0,0.0,-1.0,,,,,,,,,1.0,-0.29732295870780945,23.749694298463968,19.863147735595703,1.3238794653132977,16.902,0.162,6.5,2,15.852,0.131,7.8,2,15.55,0.195,5.6,2,0.655366,14.32,0.029,37.20000076293945,1.744,13.322,0.03,35.900001525878906,1.16,10.764,0.103,10.5,0.9113,8.941,0.029,2.4000000953674316,0.9438,0000,AAAC,0.420654,0.0,0.0,0.0,0.0,0.0,0.0,0.0,0.0,0.0,1,8.73,55.44119,0.070425,0.02482239091249043
124.88148214200001,34.6015846464,4.7076039499999997E-4,26087-11948,26087,11948,6166.4,52.619339431834,6088.0,171.0,18.0577755,0.0494028516,18.2603397,0.058481577800000004,18.142778399999997,0.0431405157,18.166399,0.043372456,17.785915399999997,0.0320074819,17.469852399999994,0.0255629104,17.343795800000002,0.0370438546,18.2076855,0.0517885014,17.8997898,0.0207750425,17.5502701,0.0146949459,17.4724426,0.0182071533,17.280260100000003,0.0265734978,90324,-2.1786467307989104,0.12283781645997555,3.0,-0.4634577080915381,-0.6715153523437518,0.8885637529778326,0.6128400257974014,-0.05394903579115908,-0.6696887799810698,-0.13025149006073536,-0.23545473357976104,-1.1023524666915807,0.7770894547261284,0.5341401826950701,0.2237805585862809,0.3387413650285168,1.1448619071174284,0.10559973738496242,0.8274655067842797,0.6515165776462263,0.4079986496794349,0.6392402801329495,3.2566446209602087,2.3124396446287103,-1.0713244061647202,-1.5966013690268381,-0.9236547876668796,-0.6206963125154477,-0.639841651593152,-2.9134756912091078,-0.6647242724209267,-0.3245937973390521,-0.3735266731998961,-0.14527852359764254,-0.06034609639256035,-0.15194026373044242,0.026608905488712423,-0.14873701085113494,-0.5132548977088439,081931.55+343605.6,124.8814926147461,34.601577758789055,-1,826,52295,47,SDSS,0.9621,0.0,DR7Q,-1.0,-1.0,-1.0,-1,0.0,0.0,0.0,0,0,0,0,0,0,0,0,0,"(-1, -1, -1, -1, -1, -1, -1, -1, -1, -1, -1, -1, -1, -1, -1, -1, -1, -1, -1, -1, -1, -1, -1, -1, -1, -1, -1, -1, -1, -1, -1, -1, -1, -1, -1, -1, -1, -1, -1, -1, -1, -1, -1, -1, -1, -1, -1, -1, -1, -1, -1)","(-1, -1, -1, -1, -1, -1, -1, -1, -1, -1, -1, -1, -1, -1, -1, -1, -1, -1, -1, -1, -1, -1, -1, -1, -1, -1, -1, -1, -1, -1, -1, -1, -1, -1, -1, -1, -1, -1, -1, -1, -1, -1, -1, -1, -1, -1, -1, -1, -1, -1, -1)","(-1, -1, -1, -1, -1, -1, -1, -1, -1, -1, -1, -1, -1, -1, -1, -1, -1, -1, -1, -1, -1, -1, -1, -1, -1, -1, -1, -1, -1, -1, -1, -1, -1, -1, -1, -1, -1, -1, -1, -1, -1, -1, -1, -1, -1, -1, -1, -1, -1, -1, -1)","(-, -, -, -, -, -, -, -, -, -, -, -, -, -, -, -, -, -, -, -, -, -, -, -, -, -, -, -, -, -, -, -, -, -, -, -, -, -, -, -, -, -, -, -, -, -, -, -, -, -, -)",0.0,0.0,0,-,0,0,-,"(-9999.0, -9999.0, -9999.0, -9999.0, -9999.0)","(-9999.0, -9999.0, -9999.0, -9999.0, -9999.0)","(18.20800018310547, 17.860000610351562, 17.506000518798828, 17.475000381469727, 17.308000564575195)","(0.02500000037252903, 0.017999999225139618, 0.019999999552965164, 0.017999999225139618, 0.01899999938905239)",-26.700827,"(-9999.0, -9999.0, -9999.0, -9999.0, -9999.0)",0.0,0.0,-1.0,,,,,,,,,1.0,7.3668365478515625,12.180704011596095,28.3682918548584,0.10699867559832517,16.090999999999998,0.085,12.8,2,15.786,0.145,7.0,2,15.053,0.139,8.3,2,0.5894020000000001,13.767,0.025,42.70000076293945,1.014,12.603,0.027000000000000003,40.70000076293945,1.029,9.877,0.061,17.899999618530273,0.8011,7.419,0.025,8.600000381469727,0.9962,0000,AAAB,0.102623,0.0,0.0,0.0,0.0,0.0,0.0,0.0,0.0,0.0,0,-1.0,-1.0,-1.0,0.03972243063675838
122.95131030600001,37.945890327600004,2.55989755E-4,26104-22613,26104,22613,6054.6,174.75909042671,6185.0,123.0,18.0542564,0.049303449699999995,18.0229912,0.046851530700000005,18.012826899999997,0.038104143,17.897174800000005,0.0343268625,17.652599300000006,0.028064530299999998,17.365209600000004,0.0229287539,17.1723213,0.034857008599999996,18.4040909,0.060138277699999985,17.7935715,0.0185881946,17.3752117,0.0130548114,17.1594563,0.014819198300000001,17.195528,0.028511839,108235,-3.122961803481623,0.15453031052597704,4.0,-0.02207192478389158,0.23419230510650896,1.2960887381594757,0.7853387420783021,1.1700212139921309,0.08838945433778732,-0.13845896015347647,0.01617065735020871,0.7860910234042672,0.9081524186597674,0.3814032450315062,0.5452306089522609,-0.002132602649808992,-0.6294452343760325,0.07170430219548457,0.6905865197067534,0.15538824221887845,0.2881390940964336,-0.2834491225759547,-2.0122399897594514,-1.3660066909129394,-1.62129716342468,-1.4305278090282183,-1.2146893366402955,-0.8763693961623641,-0.7529899540491819,1.2233629328949105,-0.6454206165941188,-0.4004521564907114,-0.2697517306526939,-0.9412106215357786,-0.5576501131296063,-0.3985663167524714,-0.1541877176649173,0.018945108723537246,0.4187847003429926,081148.31+375645.2,122.9513168334961,37.945899963378906,-1,759,52254,188,SDSS,1.4711,0.0,DR7Q,-1.0,-1.0,-1.0,-1,0.0,0.0,0.0,0,0,0,0,0,0,0,0,0,"(-1, -1, -1, -1, -1, -1, -1, -1, -1, -1, -1, -1, -1, -1, -1, -1, -1, -1, -1, -1, -1, -1, -1, -1, -1, -1, -1, -1, -1, -1, -1, -1, -1, -1, -1, -1, -1, -1, -1, -1, -1, -1, -1, -1, -1, -1, -1, -1, -1, -1, -1)","(-1, -1, -1, -1, -1, -1, -1, -1, -1, -1, -1, -1, -1, -1, -1, -1, -1, -1, -1, -1, -1, -1, -1, -1, -1, -1, -1, -1, -1, -1, -1, -1, -1, -1, -1, -1, -1, -1, -1, -1, -1, -1, -1, -1, -1, -1, -1, -1, -1, -1, -1)","(-1, -1, -1, -1, -1, -1, -1, -1, -1, -1, -1, -1, -1, -1, -1, -1, -1, -1, -1, -1, -1, -1, -1, -1, -1, -1, -1, -1, -1, -1, -1, -1, -1, -1, -1, -1, -1, -1, -1, -1, -1, -1, -1, -1, -1, -1, -1, -1, -1, -1, -1)","(-, -, -, -, -, -, -, -, -, -, -, -, -, -, -, -, -, -, -, -, -, -, -, -, -, -, -, -, -, -, -, -, -, -, -, -, -, -, -, -, -, -, -, -, -, -, -, -, -, -, -)",0.0,0.0,0,-,0,0,-,"(-9999.0, -9999.0, -9999.0, -9999.0, -9999.0)","(-9999.0, -9999.0, -9999.0, -9999.0, -9999.0)","(18.233999252319336, 17.83099937438965, 17.427000045776367, 17.22800064086914, 17.209999084472656)","(0.014999999664723873, 0.014000000432133675, 0.013000000268220901, 0.014000000432133675, 0.017999999225139618)",-27.752449,"(-9999.0, -9999.0, -9999.0, -9999.0, -9999.0)",0.0,0.0,-1.0,,,,,,,,,1.0,9.42902946472168,0.4645503137757871,13.545063018798828,18.013599679287537,16.133,0.09,12.3,2,15.477,0.116,9.0,2,15.202,0.135,7.8,2,0.24358,14.101,0.027000000000000003,40.29999923706055,0.9939,12.719,0.026,41.5,0.9697,9.805,0.053,20.5,0.9553,7.358,0.027000000000000003,8.699999809265137,0.9639,0000,AAAB,0.048328,0.0,0.0,0.0,0.0,0.0,0.0,0.0,0.0,0.0,1,1.76,10.406704,0.357766,0.03932829839264192
121.33147893,38.008937261199996,2.90652941E-4,26106-21713,26106,21713,6399.5,188.698393450336,6512.0,196.0,18.1577663,0.06567166,18.1095028,0.06219258900000001,18.0892391,0.0497341901,17.9766159,0.0446315482,17.5093002,0.0300691389,17.410255399999997,0.0268551372,17.279748899999998,0.0407217331,18.2138577,0.0668313578,17.749980899999994,0.020327732,17.4396858,0.014438157,17.3780899,0.018770432099999998,17.183719600000003,0.0276503544,110281,-2.7575856148203304,0.16153433727860453,3.0,-0.7149561922008533,-0.9144306244994914,0.8917585600075103,-0.08687102947012616,0.2462071644376714,2.877798322460407,-0.6002048199584366,-0.5661496986089323,-1.3245878473059027,0.8617838935219381,0.3409795219309941,0.4941383556731907,1.6945749352964328,-0.1398978693449558,-0.334536824904357,0.9296829176804671,0.5408890674397995,0.6693719689009848,1.575242339802379,2.377693404028528,1.5246731194651006,-1.5695788205969443,-1.3936902460579357,-0.5717852661414685,-0.7964806728303021,-0.7889162663145672,1.1333950460907702,0.6151248617620597,-0.30643691127882616,-0.3472659120239347,0.3632449236536408,-0.4537202592890426,-0.4691772754858766,-1.3417776326104145,-1.0828407232283166,-0.4511962787095133,080519.55+380032.2,121.33146930044757,38.008950197306135,420957378,3802,55528,226,BOSS,0.848,0.0,VI,0.8479999899864197,0.8484741449356079,9.112196130445228E-5,0,0.8495597,0.85367405,0.85367405,0,4194304,0,0,0,0,0,1,1,"(0, 3802, -1, -1, -1, -1, -1, -1, -1, -1, -1, -1, -1, -1, -1, -1, -1, -1, -1, -1, -1, -1, -1, -1, -1, -1, -1, -1, -1, -1, -1, -1, -1, -1, -1, -1, -1, -1, -1, -1, -1, -1, -1, -1, -1, -1, -1, -1, -1, -1, -1)","(0, 55514, -1, -1, -1, -1, -1, -1, -1, -1, -1, -1, -1, -1, -1, -1, -1, -1, -1, -1, -1, -1, -1, -1, -1, -1, -1, -1, -1, -1, -1, -1, -1, -1, -1, -1, -1, -1, -1, -1, -1, -1, -1, -1, -1, -1, -1, -1, -1, -1, -1)","(0, 228, -1, -1, -1, -1, -1, -1, -1, -1, -1, -1, -1, -1, -1, -1, -1, -1, -1, -1, -1, -1, -1, -1, -1, -1, -1, -1, -1, -1, -1, -1, -1, -1, -1, -1, -1, -1, -1, -1, -1, -1, -1, -1, -1, -1, -1, -1, -1, -1, -1)","(-, -, -, -, -, -, -, -, -, -, -, -, -, -, -, -, -, -, -, -, -, -, -, -, -, -, -, -, -, -, -, -, -, -, -, -, -, -, -, -, -, -, -, -, -, -, -, -, -, -, -)",0.0,0.0,0,-,0,0,-,"(46.68207550048828, 75.3058090209961, 99.94912719726562, 103.13199615478516, 124.1853256225586)","(2.061300039291382, 1.0362837314605713, 0.6028621196746826, 0.7081119418144226, 0.20674437284469604)","(18.32711410522461, 17.80792808532715, 17.500551223754883, 17.46651268005371, 17.264785766601562)","(0.016199281439185143, 0.014162999577820301, 0.013990558683872223, 0.012510575354099274, 0.019226770848035812)",-26.449667,"(0.19908864796161652, 0.15512852370738983, 0.10731719434261322, 0.07974817603826523, 0.059317994862794876)",0.0,0.0,-1.0,,,,,,,,,1.0,5.843811511993407,1.0427705703689527,24.64053726196289,11.277669114544306,16.009,0.083,13.3,2,16.015,0.204,5.3,2,14.896,0.1,10.7,2,0.211174,13.273,0.024,44.5,1.318,11.961,0.023,48.20000076293945,1.152,9.117,0.031,35.29999923706055,1.027,6.6770000000000005,0.024,15.699999809265137,0.9457,0000,AAAA,0.135793,0.0,0.0,0.0,0.0,0.0,0.0,0.0,0.0,0.0,0,-1.0,-1.0,-1.0,0.053989131403777854
114.416528111,38.7370167827,2.94580823E-4,26108-12903,26108,12903,5601.0,174.69251075601397,5590.0,301.0,18.0966034,0.038998764,18.0544033,0.0368781835,17.83531,0.0314773358,17.796608,0.0301519744,17.315637600000002,0.022481445200000002,16.7596664,0.0172959678,16.7975712,0.0230612904,18.5749569,0.0538428128,17.4764118,0.0143470382,16.8242836,0.0103958044,16.7512741,0.022001002000000002,16.7114792,0.025016197900000002,112386,-2.510373177969038,0.2792773895677733,4.0,1.476793538028958,0.6328989485439233,0.21280115353182688,-0.229619364618996,-0.4563203228129239,0.6423630313806551,1.3638570991750645,0.23823701907237196,-1.168318241094549,-0.3171343063528061,-0.8830082569179862,-0.9921498685448058,-1.7494147533179694,0.7467265509012989,-1.5945335897154636,-0.10493136300601724,-0.4698458188987452,-0.5543854907493234,-0.6491992614727853,2.978903653580536,-2.235038006566177,-0.5513859163547442,-0.7429129247211279,-0.1841497861097307,0.35079963799544484,-0.05534652186336512,-1.062297830547268,0.2693590132537924,0.8824810953846529,0.22317662226983406,0.4432122987969391,0.9682014841797316,0.29320813456103345,1.5393260474592392,0.18500131148185894,-2.7998721370126463,073739.96+384413.2,114.41652179143163,38.73702289365644,425440645,3664,55245,324,BOSS,1.401,0.0,VI,1.4010000228881836,1.4039708375930786,2.0655746629927307E-4,0,1.3570278999999998,1.397904,1.397904,0,1048576,0,0,0,0,1,0,1,"(0, 431, -1, -1, -1, -1, -1, -1, -1, -1, -1, -1, -1, -1, -1, -1, -1, -1, -1, -1, -1, -1, -1, -1, -1, -1, -1, -1, -1, -1, -1, -1, -1, -1, -1, -1, -1, -1, -1, -1, -1, -1, -1, -1, -1, -1, -1, -1, -1, -1, -1)","(0, 51877, -1, -1, -1, -1, -1, -1, -1, -1, -1, -1, -1, -1, -1, -1, -1, -1, -1, -1, -1, -1, -1, -1, -1, -1, -1, -1, -1, -1, -1, -1, -1, -1, -1, -1, -1, -1, -1, -1, -1, -1, -1, -1, -1, -1, -1, -1, -1, -1, -1)","(0, 564, -1, -1, -1, -1, -1, -1, -1, -1, -1, -1, -1, -1, -1, -1, -1, -1, -1, -1, -1, -1, -1, -1, -1, -1, -1, -1, -1, -1, -1, -1, -1, -1, -1, -1, -1, -1, -1, -1, -1, -1, -1, -1, -1, -1, -1, -1, -1, -1, -1)","(-, -, -, -, -, -, -, -, -, -, -, -, -, -, -, -, -, -, -, -, -, -, -, -, -, -, -, -, -, -, -, -, -, -, -, -, -, -, -, -, -, -, -, -, -, -, -, -, -, -, -)",0.0,0.0,0,-,0,0,-,"(30.443553924560547, 85.08606719970703, 159.27212524414062, 173.93246459960938, 161.7122344970703)","(3.0550413131713867, 0.9179348945617676, 0.2759621739387512, 0.44614630937576294, 0.12816907465457916)","(18.79123878479004, 17.675352096557617, 16.99464988708496, 16.8990478515625, 16.978120803833008)","(0.02040337771177292, 0.013318611308932304, 0.012976550497114658, 0.009345533326268196, 0.018753036856651306)",-27.99848,"(0.24258731305599213, 0.18902239203453064, 0.13076481223106384, 0.09717227518558502, 0.07227832078933716)",0.0,0.0,-1.0,,,,,,,,,1.0,0.34024885296821594,12.581858269369938,4.125722885131837,2.652167012443541,15.808,0.071,16.0,2,14.825,0.065,17.5,2,14.585,0.097,11.6,2,0.129375,13.423,0.024,44.5,1.18,12.115,0.023,46.900001525878906,1.19,9.215,0.038,28.799999237060547,1.015,6.89,0.024,11.600000381469727,0.9274,0000,AAAA,0.015057,0.0,0.0,0.0,0.0,0.0,0.0,0.0,0.0,0.0,0,-1.0,-1.0,-1.0,0.02826471439579659
111.986350335,39.9918408797,5.99426858E-4,26127-9248,26127,9248,6188.9,429.874402463171,6369.0,212.0,18.3335762,0.053279534,18.3960075,0.053577739699999995,18.3815384,0.0628552735,18.2396164,0.053445201399999996,18.3567924,0.060668423799999996,17.9529953,0.042146496500000005,17.612913100000004,0.045724973099999996,18.4181671,0.0532463975,18.2049294,0.024966497,17.960399600000006,0.020592805,17.496763199999997,0.036745648799999996,17.4869251,0.044797219299999996,136076,-4.757935224780341,0.5499676939474322,2.0,-1.13662711445349,0.5585585404130027,1.415246338558482,1.0953032329181756,1.6874963540033532,-8.103861996425406,-1.057548704372519,-0.09655413379466216,4.179960289654574,1.3545771114848262,1.1144162078473463,1.3738840092436897,-0.97394715762984,-0.6949036710315317,1.4392501980652657,0.6259645119124193,0.07026392748329502,0.2740757182517782,-2.1675790937126003,-8.346701562265668,-4.050786065649225,-1.599252574418928,-1.2712325064970786,-2.141168881651752,-1.2901478154088135,-0.8690608334950666,2.0036618498499146,-2.5701728435012625,-1.0570883861055334,-0.4493961205757734,-3.0597718428850897,-1.2989890883281117,-0.6462028458602587,0.5798074914701413,1.1773066937644374,2.471561202985476,072756.72+395930.6,111.9863510131836,39.99185180664063,-1,1733,53047,402,SDSS,0.2163,0.0,DR7Q,-1.0,-1.0,-1.0,-1,0.0,0.0,0.0,0,0,0,0,0,0,0,0,0,"(-1, -1, -1, -1, -1, -1, -1, -1, -1, -1, -1, -1, -1, -1, -1, -1, -1, -1, -1, -1, -1, -1, -1, -1, -1, -1, -1, -1, -1, -1, -1, -1, -1, -1, -1, -1, -1, -1, -1, -1, -1, -1, -1, -1, -1, -1, -1, -1, -1, -1, -1)","(-1, -1, -1, -1, -1, -1, -1, -1, -1, -1, -1, -1, -1, -1, -1, -1, -1, -1, -1, -1, -1, -1, -1, -1, -1, -1, -1, -1, -1, -1, -1, -1, -1, -1, -1, -1, -1, -1, -1, -1, -1, -1, -1, -1, -1, -1, -1, -1, -1, -1, -1)","(-1, -1, -1, -1, -1, -1, -1, -1, -1, -1, -1, -1, -1, -1, -1, -1, -1, -1, -1, -1, -1, -1, -1, -1, -1, -1, -1, -1, -1, -1, -1, -1, -1, -1, -1, -1, -1, -1, -1, -1, -1, -1, -1, -1, -1, -1, -1, -1, -1, -1, -1)","(-, -, -, -, -, -, -, -, -, -, -, -, -, -, -, -, -, -, -, -, -, -, -, -, -, -, -, -, -, -, -, -, -, -, -, -, -, -, -, -, -, -, -, -, -, -, -, -, -, -, -)",0.0,0.0,0,-,0,0,-,"(-9999.0, -9999.0, -9999.0, -9999.0, -9999.0)","(-9999.0, -9999.0, -9999.0, -9999.0, -9999.0)","(18.176000595092773, 18.02899932861328, 17.868000030517578, 17.570999145507812, 17.577999114990234)","(0.019999999552965164, 0.012000000104308128, 0.013000000268220901, 0.020999999716877937, 0.024000000208616257)",-22.870094,"(-9999.0, -9999.0, -9999.0, -9999.0, -9999.0)",0.031710465,2.8567723972266204,15.76088551901374,,,,,,,,,1.0,30.87489318847656,0.4734869890825923,29.752992630004893,8.363186526455365,16.574,0.162,6.4,2,15.975,0.207,4.9,2,14.925999999999998,0.117,9.0,2,0.15675,13.332,0.024,44.599998474121094,1.277,12.338,0.023,46.400001525878906,1.228,9.609,0.043,25.0,1.109,7.336,0.024,8.699999809265137,0.8106,0000,AAAB,0.021877,0.0,0.0,0.0,0.0,0.0,0.0,0.0,0.0,0.0,0,-1.0,-1.0,-1.0,0.03938143250670757
127.00250663799999,40.1931119764,3.22673906E-4,26135-12526,26135,12526,5982.1,649.001928513617,5919.0,127.0,18.611072500000002,0.0423453003,18.3679466,0.031079728199999997,18.3380833,0.040257856200000004,18.446388199999998,0.046851530700000005,18.315929399999998,0.0446978174,17.9697208,0.0343268625,17.6650715,0.046718992300000005,18.697052,0.045857507699999994,18.3181534,0.016475901,17.9855347,0.0168072414,17.450346,0.032355386800000004,17.454996100000002,0.0455261692,144638,-4.453242288504407,1.3368949315955956,2.0,-0.5718227616531008,1.2578362685166966,1.8543299880830797,2.2340853448139115,0.9850694839778666,-3.793179915535683,-0.5548457194544799,0.13891246512427227,5.159620497171409,1.4665054183813102,1.3466701889839736,0.7538380226613403,-0.43499663966067176,-0.4830015735262969,1.1836720530955045,0.5927457806630876,0.0622349529802593,-0.4193809718635956,-2.1961024742204667,-9.9435433178724,-6.613152275349012,-1.5204199196910368,-2.494719441469368,-2.1053545257452093,-1.3764340638023893,-1.0068493026818617,-5.428866597648431,-2.5850444497156366,-1.2374691077056033,-0.6883549017148267,-1.6095235803717565,-0.7247395780188477,-0.2561076068332208,0.2166889689254059,0.7685362652926477,1.9774114825114864,082800.60+401135.1,127.00251770019531,40.19310760498047,-1,894,52615,444,SDSS,0.221,0.0,DR7Q,-1.0,-1.0,-1.0,-1,0.0,0.0,0.0,0,0,0,0,0,0,0,0,0,"(-1, -1, -1, -1, -1, -1, -1, -1, -1, -1, -1, -1, -1, -1, -1, -1, -1, -1, -1, -1, -1, -1, -1, -1, -1, -1, -1, -1, -1, -1, -1, -1, -1, -1, -1, -1, -1, -1, -1, -1, -1, -1, -1, -1, -1, -1, -1, -1, -1, -1, -1)","(-1, -1, -1, -1, -1, -1, -1, -1, -1, -1, -1, -1, -1, -1, -1, -1, -1, -1, -1, -1, -1, -1, -1, -1, -1, -1, -1, -1, -1, -1, -1, -1, -1, -1, -1, -1, -1, -1, -1, -1, -1, -1, -1, -1, -1, -1, -1, -1, -1, -1, -1)","(-1, -1, -1, -1, -1, -1, -1, -1, -1, -1, -1, -1, -1, -1, -1, -1, -1, -1, -1, -1, -1, -1, -1, -1, -1, -1, -1, -1, -1, -1, -1, -1, -1, -1, -1, -1, -1, -1, -1, -1, -1, -1, -1, -1, -1, -1, -1, -1, -1, -1, -1)","(-, -, -, -, -, -, -, -, -, -, -, -, -, -, -, -, -, -, -, -, -, -, -, -, -, -, -, -, -, -, -, -, -, -, -, -, -, -, -, -, -, -, -, -, -, -, -, -, -, -, -)",0.0,0.0,0,-,0,0,-,"(-9999.0, -9999.0, -9999.0, -9999.0, -9999.0)","(-9999.0, -9999.0, -9999.0, -9999.0, -9999.0)","(17.94300079345703, 17.7810001373291, 17.591999053955078, 17.246000289916992, 17.33799934387207)","(0.02800000086426735, 0.020999999716877937, 0.014000000432133675, 0.020999999716877937, 0.03799999877810478)",-23.251722,"(-9999.0, -9999.0, -9999.0, -9999.0, -9999.0)",0.0,0.0,-1.0,,,,,,,,,1.0,9.942540168762207,1.2326090810461812,14.377082824707033,2.1111285949171115,16.191,0.126,9.1,2,15.717,0.182,6.0,2,14.821,0.125,8.7,2,0.771295,13.2,0.025,43.29999923706055,1.021,12.049,0.023,48.099998474121094,1.039,9.18,0.038,28.700000762939453,0.8370000000000001,6.792999999999998,0.025,14.0,0.8786,0000,AAAA,0.068597,0.0,0.0,0.0,0.0,0.0,0.0,0.0,0.0,0.0,0,-1.0,-1.0,-1.0,0.034249951897851086
243.64448194099998,47.072236442,2.06450888E-4,26184-13156,26184,13156,5851.4,168.076744568252,5967.0,135.0,16.890954999999998,0.0223157741,16.8078423,0.0214045886,16.860775,0.0175444726,16.6592941,0.0149186002,16.5522575,0.0135435378,16.1243038,0.009840808809999999,15.817550699999998,0.0110750524,16.476341199999997,0.015622698700000003,16.553667100000002,0.00856514927,16.2341194,0.00580674037,15.822015799999999,0.00540084811,15.762515099999998,0.00883022137,204677,-3.929959948673473,0.7586836710207402,3.0,-0.6556307975742374,0.6614305269195322,1.2191538690701016,0.14680523323556732,1.1548257603645238,-3.81596327484996,-0.13324222860738602,0.45909029532547,3.4743975957657702,1.0639729663045363,0.4185136592257258,0.8756333247455285,-0.3349073807495204,1.8856196925356803,2.092608615668889,0.4692798405583747,-0.34712022898554884,0.015455804630683618,-1.5010603785663013,-4.45354579114216,-0.9155294668257218,-1.9444126234918573,-1.3120943016486657,-1.5358665138220309,-0.8267457097028829,-0.5131691090871933,3.7727491004680513,-0.9420959935106932,-0.1341282813717851,0.2368860711859279,-1.7466933354071477,-0.5485093816676642,-0.10364884206823602,0.732124514863787,1.136999337014748,2.006751225573259,161434.67+470420.0,243.64446006096284,47.07224220096482,473346907,6323,56189,974,BOSS,1.861,0.0,VI,1.8609999418258667,1.8660392761230469,4.387287190183997E-4,0,1.8603936,1.8604298,1.8604298,0,0,128,0,0,0,1,0,1,"(0, 624, -1, -1, -1, -1, -1, -1, -1, -1, -1, -1, -1, -1, -1, -1, -1, -1, -1, -1, -1, -1, -1, -1, -1, -1, -1, -1, -1, -1, -1, -1, -1, -1, -1, -1, -1, -1, -1, -1, -1, -1, -1, -1, -1, -1, -1, -1, -1, -1, -1)","(0, 52377, -1, -1, -1, -1, -1, -1, -1, -1, -1, -1, -1, -1, -1, -1, -1, -1, -1, -1, -1, -1, -1, -1, -1, -1, -1, -1, -1, -1, -1, -1, -1, -1, -1, -1, -1, -1, -1, -1, -1, -1, -1, -1, -1, -1, -1, -1, -1, -1, -1)","(0, 336, -1, -1, -1, -1, -1, -1, -1, -1, -1, -1, -1, -1, -1, -1, -1, -1, -1, -1, -1, -1, -1, -1, -1, -1, -1, -1, -1, -1, -1, -1, -1, -1, -1, -1, -1, -1, -1, -1, -1, -1, -1, -1, -1, -1, -1, -1, -1, -1, -1)","(-, -, -, -, -, -, -, -, -, -, -, -, -, -, -, -, -, -, -, -, -, -, -, -, -, -, -, -, -, -, -, -, -, -, -, -, -, -, -, -, -, -, -, -, -, -, -, -, -, -, -)",0.0,0.0,0,-,0,0,-,"(264.33880615234375, 252.03208923339844, 310.6546936035156, 454.6036682128906, 458.9328308105469)","(0.06529804319143295, 0.09986678510904312, 0.020949985831975937, 0.02841557003557682, 0.025140894576907158)","(16.444597244262695, 16.496360778808594, 16.269304275512695, 15.855917930603027, 15.845623970031738)","(0.016073595732450485, 0.013631945475935936, 0.024146512150764465, 0.0141681469976902, 0.014920472167432308)",-29.693802,"(0.050747573375701904, 0.03954216465353966, 0.02735508605837822, 0.02032776176929474, 0.015120119787752628)",0.05209981,2.8643140355198238,6.1395012332586285,,,,,,,,,1.0,0.0,0.0,0.0,0.0,14.888,0.04,37.3,2,14.332,0.047,25.8,2,13.688,0.05,24.6,2,0.166942,12.545,0.023,47.20000076293945,1.1,11.458,0.02,53.099998474121094,1.372,8.331,0.019,58.400001525878906,0.8998,6.152,0.023,26.399999618530273,0.8353,0000,AAAA,0.05802300000000001,0.0,0.0,0.0,0.0,0.0,0.0,0.0,0.0,0.0,1,7.35,48.726637,0.224477,0.057513777019922746
243.190314973,51.304705436599995,3.26601468E-4,26201-16353,26201,16353,6417.4,48.5395824973039,6403.0,97.0,18.355155899999996,0.051225222599999995,18.3259201,0.0489389747,18.2545872,0.0350889452,18.183834100000002,0.0341280587,18.0045242,0.0298040677,17.7563419,0.0225642789,17.585586499999998,0.0399596505,18.4052048,0.051556564900000004,18.0619335,0.0119613875,17.822319,0.0120193725,17.6699944,0.0191017725,17.624349600000006,0.0315767378,215722,-2.824228651851609,0.053508859554858006,3.0,-1.1681428086592045,-0.8266137587981641,1.1886621086700353,0.978686419630788,1.0326313964986975,-2.249335958300257,-0.7780232670523546,-0.5425704944024667,-0.08237345210483943,1.2115144045806256,1.0767308321280245,1.0929455721461718,0.7751413458662659,0.7809928254444091,0.39177258178681423,1.0662893693926856,0.8839288394923229,0.9013183855941221,0.5311028664002184,1.0074624826030916,1.1624972398724998,-1.308056909043904,-1.345762599424807,-1.351757488115201,-1.0463035833611,-0.9425088088975196,-0.11027903271371976,-1.2774658887530743,-0.8481683498627415,-0.6983795066819789,-1.3234320338812575,-0.8733288140069204,-0.7179976132813185,-0.4014060539789697,-0.2506068515091794,0.11011771716405057,161245.67+511816.9,243.19030170562905,51.304707547855614,492133798,6316,56483,678,BOSS,1.594,0.0,VI,1.5939999818801882,0.07975718379020691,2.9543916753027588E-5,0,1.5881665,1.5949659999999999,1.5949659999999999,0,8388608,0,0,0,0,1,0,1,"(0, 623, -1, -1, -1, -1, -1, -1, -1, -1, -1, -1, -1, -1, -1, -1, -1, -1, -1, -1, -1, -1, -1, -1, -1, -1, -1, -1, -1, -1, -1, -1, -1, -1, -1, -1, -1, -1, -1, -1, -1, -1, -1, -1, -1, -1, -1, -1, -1, -1, -1)","(0, 52051, -1, -1, -1, -1, -1, -1, -1, -1, -1, -1, -1, -1, -1, -1, -1, -1, -1, -1, -1, -1, -1, -1, -1, -1, -1, -1, -1, -1, -1, -1, -1, -1, -1, -1, -1, -1, -1, -1, -1, -1, -1, -1, -1, -1, -1, -1, -1, -1, -1)","(0, 247, -1, -1, -1, -1, -1, -1, -1, -1, -1, -1, -1, -1, -1, -1, -1, -1, -1, -1, -1, -1, -1, -1, -1, -1, -1, -1, -1, -1, -1, -1, -1, -1, -1, -1, -1, -1, -1, -1, -1, -1, -1, -1, -1, -1, -1, -1, -1, -1, -1)","(-, -, -, -, -, -, -, -, -, -, -, -, -, -, -, -, -, -, -, -, -, -, -, -, -, -, -, -, -, -, -, -, -, -, -, -, -, -, -, -, -, -, -, -, -, -, -, -, -, -, -)",0.0,0.0,0,-,0,0,-,"(49.957420349121094, 65.77053833007812, 78.31961059570312, 89.26077270507812, 92.43533325195312)","(0.7167452573776245, 0.4746965765953064, 0.9735022187232971, 0.5528579354286194, 0.28645625710487366)","(18.25349235534668, 17.954919815063477, 17.765321731567383, 17.62334442138672, 17.58533477783203)","(0.025670543313026428, 0.023959802463650703, 0.014050224795937538, 0.01635887287557125, 0.02194327674806118)",-27.534782,"(0.104172483086586, 0.08117049187421799, 0.056153371930122375, 0.04172797501087189, 0.031037945300340652)",0.0,0.0,-1.0,1.151882E-13,3.58891E-15,4.944240000000001E-14,6.3865602E-15,1.64123E-13,5.33825E-15,2.8517249186392693E45,0.056042348311036064,1.0,-0.11552296578884125,418.51396068940056,13.878621101379395,18.70132782789917,16.643,0.145,8.2,2,16.132,0.209,5.6,2,15.565,0.246,4.7,2,0.428604,14.911,0.027000000000000003,39.70000076293945,0.9718,13.623,0.025,43.20000076293945,0.9492,10.465,0.046,23.5,0.9807,8.257,0.027000000000000003,7.699999809265137,0.9717,0000,AAAB,0.097828,0.0,0.0,0.0,0.0,0.0,0.0,0.0,0.0,0.0,0,-1.0,-1.0,-1.0,0.030812241567671636
232.759138907,52.5989264354,3.21868458E-4,26219-9770,26219,9770,6150.4,413.19345222601305,5851.0,386.0,17.962068600000006,0.0524843149,18.1684723,0.060502752699999995,18.1079617,0.043836332900000004,18.1364861,0.0422790311,17.9650574,0.0357516259,17.270387600000007,0.0215371251,17.555461899999994,0.0544392243,18.0272827,0.05115895349999999,18.017522800000002,0.0221335366,17.617176100000005,0.0152996425,17.516803699999997,0.0228127856,17.475835800000002,0.044068269400000006,226330,-2.3642476581608607,0.0,1.0,-0.13756748991673542,-0.35012378463658217,1.5399575577921794,1.7216086460860092,1.0546868424346283,-2.387644713352364,1.5221708882086544,-0.5976571451324149,-0.7936783721836521,1.1111603969436104,0.8785844625917772,0.5542873910178241,-0.577794873663106,7.85677819733244,-1.2634972205598023,1.0739932890715669,0.8661334161752829,0.6114269273756475,-0.05292184868733709,9.422858264317004,-2.036473055003256,-1.3634771737709936,-1.9193865744634684,-1.6818137698354143,-0.4133973114146217,-1.1612051677533612,-3.0591340237099294,-1.89226546779848,0.16890980827602342,-0.9895404103786624,-1.3695874878260181,0.4519769298752335,-0.7614528787360346,2.4138761870013665,-0.2916599328094771,-6.246915402867316,153102.19+523556.2,232.75914001464844,52.59895324707031,-1,795,52378,442,SDSS,1.3617,0.0,DR7Q,-1.0,-1.0,-1.0,-1,0.0,0.0,0.0,0,0,0,0,0,0,0,0,0,"(-1, -1, -1, -1, -1, -1, -1, -1, -1, -1, -1, -1, -1, -1, -1, -1, -1, -1, -1, -1, -1, -1, -1, -1, -1, -1, -1, -1, -1, -1, -1, -1, -1, -1, -1, -1, -1, -1, -1, -1, -1, -1, -1, -1, -1, -1, -1, -1, -1, -1, -1)","(-1, -1, -1, -1, -1, -1, -1, -1, -1, -1, -1, -1, -1, -1, -1, -1, -1, -1, -1, -1, -1, -1, -1, -1, -1, -1, -1, -1, -1, -1, -1, -1, -1, -1, -1, -1, -1, -1, -1, -1, -1, -1, -1, -1, -1, -1, -1, -1, -1, -1, -1)","(-1, -1, -1, -1, -1, -1, -1, -1, -1, -1, -1, -1, -1, -1, -1, -1, -1, -1, -1, -1, -1, -1, -1, -1, -1, -1, -1, -1, -1, -1, -1, -1, -1, -1, -1, -1, -1, -1, -1, -1, -1, -1, -1, -1, -1, -1, -1, -1, -1, -1, -1)","(-, -, -, -, -, -, -, -, -, -, -, -, -, -, -, -, -, -, -, -, -, -, -, -, -, -, -, -, -, -, -, -, -, -, -, -, -, -, -, -, -, -, -, -, -, -, -, -, -, -, -)",0.0,0.0,0,-,0,0,-,"(-9999.0, -9999.0, -9999.0, -9999.0, -9999.0)","(-9999.0, -9999.0, -9999.0, -9999.0, -9999.0)","(17.44099998474121, 17.327999114990234, 17.132999420166016, 17.086999893188477, 17.134000778198242)","(0.013000000268220901, 0.017000000923871994, 0.017999999225139618, 0.014999999664723873, 0.017999999225139618)",-27.753824,"(-9999.0, -9999.0, -9999.0, -9999.0, -9999.0)",0.0,0.0,-1.0,,,,,,,,,1.0,6.368685722351074,1.3345666202434054,41.76213836669922,0.8364649135481241,,,,-1,,,,-1,,,,-1,,13.890999999999998,0.024,44.70000076293945,0.9768,12.488,0.022,48.900001525878906,1.097,9.594,0.032,33.70000076293945,1.023,7.427,0.024,13.5,0.8963,0000,AAAA,0.06930700000000001,0.0,0.0,0.0,0.0,0.0,0.0,0.0,0.0,0.0,0,-1.0,-1.0,-1.0,0.09655239538902499
230.485343244,52.044063658,2.77835992E-4,26221-818,26221,818,5716.8,82.02162461925259,5696.0,132.0,16.8079815,0.0221832376,16.7658386,0.021437723199999998,16.5466347,0.0148109151,16.4283447,0.0131459292,16.2231293,0.011306990900000001,15.752931599999998,0.008266942579999999,15.4545698,0.010379237099999999,17.1697426,0.026639767,16.2975769,0.007496576290000002,15.841905599999999,0.0049369717,15.572963699999999,0.0051606264899999995,15.426690099999998,0.00881365407,226710,-2.62153312834597,0.3753594627442295,5.0,0.21716023283768165,0.6306014766607735,0.5538182122946864,0.5687275922085155,0.9660498249182814,-1.7726786510723782,0.46731224122708,0.8712567128348698,1.5142953945719135,0.3271050899406465,0.15414817849710527,0.325131449306227,-0.8500739809455999,1.360460498832237,1.8161327465453496,0.09459185032040908,-0.17069421424975267,-0.034125490070711965,-1.0898326464201051,-1.3601423853643966,2.0459265875291184,-0.5508195412515983,-0.3276803108833711,-0.7326249337305392,-0.1921786937333118,0.03815653239640705,1.30171688601389,-0.8561061988344486,0.03741423267000201,0.35894927613188005,-1.171719082532983,-0.1242037038604375,0.22947144085417384,0.9984898285354592,1.2857606186545356,1.8897255644104605,152156.48+520238.5,230.4853363037109,52.04404830932617,-1,794,52376,226,SDSS,2.208,0.0,DR7Q,-1.0,-1.0,-1.0,-1,0.0,0.0,0.0,0,0,0,0,0,0,0,0,0,"(-1, -1, -1, -1, -1, -1, -1, -1, -1, -1, -1, -1, -1, -1, -1, -1, -1, -1, -1, -1, -1, -1, -1, -1, -1, -1, -1, -1, -1, -1, -1, -1, -1, -1, -1, -1, -1, -1, -1, -1, -1, -1, -1, -1, -1, -1, -1, -1, -1, -1, -1)","(-1, -1, -1, -1, -1, -1, -1, -1, -1, -1, -1, -1, -1, -1, -1, -1, -1, -1, -1, -1, -1, -1, -1, -1, -1, -1, -1, -1, -1, -1, -1, -1, -1, -1, -1, -1, -1, -1, -1, -1, -1, -1, -1, -1, -1, -1, -1, -1, -1, -1, -1)","(-1, -1, -1, -1, -1, -1, -1, -1, -1, -1, -1, -1, -1, -1, -1, -1, -1, -1, -1, -1, -1, -1, -1, -1, -1, -1, -1, -1, -1, -1, -1, -1, -1, -1, -1, -1, -1, -1, -1, -1, -1, -1, -1, -1, -1, -1, -1, -1, -1, -1, -1)","(-, -, -, -, -, -, -, -, -, -, -, -, -, -, -, -, -, -, -, -, -, -, -, -, -, -, -, -, -, -, -, -, -, -, -, -, -, -, -, -, -, -, -, -, -, -, -, -, -, -, -)",0.0,0.0,0,-,0,0,-,"(-9999.0, -9999.0, -9999.0, -9999.0, -9999.0)","(-9999.0, -9999.0, -9999.0, -9999.0, -9999.0)","(16.375, 15.859999656677246, 15.597000122070312, 15.437999725341797, 15.307000160217285)","(0.01600000075995922, 0.017000000923871994, 0.012000000104308128, 0.007000000216066837, 0.013000000268220901)",-30.628283000000003,"(-9999.0, -9999.0, -9999.0, -9999.0, -9999.0)",0.0,0.0,-1.0,,,,,,,,,1.0,16.264345169067386,0.3674625266202661,50.57172775268555,0.028445447566239044,14.644,0.035,48.4,2,14.063,0.036000000000000004,30.8,2,13.354,0.038,33.5,2,0.143681,12.794,0.024,45.5,1.238,11.757,0.022,50.5,1.259,8.391,0.02,55.599998474121094,0.9845,6.441,0.024,23.399999618530273,0.9038,0000,AAAA,0.05718300000000001,0.0,0.0,0.0,0.0,0.0,0.0,0.0,0.0,0.0,0,-1.0,-1.0,-1.0,0.05735233480705933
180.304403061,55.09281033479999,2.6820926E-4,26245-4342,26245,4342,6337.0,409.684340846219,6185.0,204.0,18.4954567,0.0577194951,18.4863281,0.056095927999999996,18.351102800000003,0.0496016555,18.3465042,0.048541367099999996,18.232061399999996,0.044929754,17.891210600000004,0.0394626409,17.8913288,0.0617618449,18.6331444,0.0599063411,18.3442345,0.027103643900000002,17.945987699999996,0.0231275577,17.7392139,0.05036373809999999,17.913353,0.0758106783,239111,-2.8164414938845868,0.4558620950208037,2.0,-0.15103153204281514,0.10674897726829034,1.5674798258606355,2.329020255933096,1.9309096953505096,-0.7172837323406823,-0.009983792000101835,-0.6329592433091932,0.6631192095025487,1.1342122080703048,1.1686742230964124,0.9598080424448844,-0.07306461575521372,0.4987792252657364,-1.3302241001862305,0.9012688437676842,0.8099408948137109,0.6453675197772958,-0.28193159368965626,-0.6527671842023071,-4.985657379968828,-0.9808682594917192,-1.3575482229584972,-1.5395539481117473,-0.9970991288035196,-1.1921418861910842,-2.075276413810629,-2.0291736318094387,-0.9631249945887846,-1.2212822057124344,-1.703319671116733,-0.7893232830604698,-1.0789739843922506,0.18290589730359974,-0.5942689791022046,-2.2728975504655016,120113.06+550534.1,180.30442395232376,55.092815955583326,507574463,6688,56412,522,BOSS,1.2,0.0,VI,1.2000000476837158,1.1993894577026367,5.889282329007982E-4,0,1.2024915,1.1944785,1.1944785,0,67108864,0,0,0,0,1,0,1,"(0, 1017, -1, -1, -1, -1, -1, -1, -1, -1, -1, -1, -1, -1, -1, -1, -1, -1, -1, -1, -1, -1, -1, -1, -1, -1, -1, -1, -1, -1, -1, -1, -1, -1, -1, -1, -1, -1, -1, -1, -1, -1, -1, -1, -1, -1, -1, -1, -1, -1, -1)","(0, 52706, -1, -1, -1, -1, -1, -1, -1, -1, -1, -1, -1, -1, -1, -1, -1, -1, -1, -1, -1, -1, -1, -1, -1, -1, -1, -1, -1, -1, -1, -1, -1, -1, -1, -1, -1, -1, -1, -1, -1, -1, -1, -1, -1, -1, -1, -1, -1, -1, -1)","(0, 592, -1, -1, -1, -1, -1, -1, -1, -1, -1, -1, -1, -1, -1, -1, -1, -1, -1, -1, -1, -1, -1, -1, -1, -1, -1, -1, -1, -1, -1, -1, -1, -1, -1, -1, -1, -1, -1, -1, -1, -1, -1, -1, -1, -1, -1, -1, -1, -1, -1)","(-, -, -, -, -, -, -, -, -, -, -, -, -, -, -, -, -, -, -, -, -, -, -, -, -, -, -, -, -, -, -, -, -, -, -, -, -, -, -, -, -, -, -, -, -, -, -, -, -, -, -)",0.0,0.0,0,-,0,0,-,"(40.04513931274414, 51.536956787109375, 67.19705963134766, 74.92398071289062, 74.83242797851562)","(1.8111006021499634, 0.529164731502533, 0.8829083442687988, 0.8785445690155029, 0.27360019087791443)","(18.49361228942871, 18.21969985961914, 17.931621551513672, 17.81344223022461, 17.814668655395508)","(0.020146174356341362, 0.028960593044757843, 0.01719544641673565, 0.015460251830518246, 0.027732649818062782)",-26.747795,"(0.05420166254043579, 0.04223357141017914, 0.029216988012194633, 0.021711353212594986, 0.016149258241057396)",0.0,0.0,-1.0,,,,,,,,,1.0,1.177328109741211,7.39488354872265,29.51171875,0.9691866504561883,,,,-1,,,,-1,,,,-1,,14.241,0.027000000000000003,39.900001525878906,0.9185,12.908,0.025,43.0,1.505,9.947,0.052000000000000005,20.700000762939453,0.9516,7.707999999999998,0.027000000000000003,6.599999904632568,0.8846,0000,AAAB,0.074351,0.0,0.0,0.0,0.0,0.0,0.0,0.0,0.0,0.0,1,27.309999,181.766134,0.088335,0.04755762666230447
186.160109207,55.4207068809,2.50726676E-4,26248-9719,26248,9719,6317.7,259.61182172266103,6171.0,195.0,18.0802422,0.0458906442,18.0414391,0.044300209699999996,17.8823032,0.0401253216,17.8768177,0.0381704122,17.673320800000006,0.0337635837,17.4417095,0.0300525725,17.179245,0.036811918,17.970287300000006,0.0381372795,17.786645899999996,0.0208081752,17.4511509,0.0177598447,17.2304115,0.0349564105,17.125885,0.0439688675,241216,-2.518510563701587,0.6183936854453798,3.0,-0.5533806337577822,-0.10694963624009474,1.2172332555055307,1.6836800354881867,1.2708749647457458,-0.6850557977508461,-0.5730589577522008,-0.03723170942271719,0.8543295911967971,1.0291183535097221,1.0805093925863705,0.8739534625260614,0.44878353002777294,-0.6435735527349954,0.724431891503868,0.7856070787152827,0.7015105713100303,0.5382333925249837,-0.025475888011429342,-2.152462192520972,0.29842296466511403,-0.8584236976348434,-1.2283523432110304,-1.2210498180917044,-0.9882133776331584,-0.7331954422969906,-2.0489326854583134,-1.5131568367296522,-1.020968840542452,-0.6132624605677512,-1.1817833046824473,-0.8503160835801004,-0.4673967686851699,-0.5058928358379761,0.07957774398776664,1.389099288808633,122438.41+552514.5,186.160063142645,55.42070516642562,509709199,6833,56413,278,BOSS,1.91,0.0,VI,1.9099999666213991,1.8810178041458128,3.3513770904392004E-4,0,1.9066293999999997,1.9048953000000002,1.9048953000000002,0,8388608,128,0,0,0,1,0,1,"(0, 1019, -1, -1, -1, -1, -1, -1, -1, -1, -1, -1, -1, -1, -1, -1, -1, -1, -1, -1, -1, -1, -1, -1, -1, -1, -1, -1, -1, -1, -1, -1, -1, -1, -1, -1, -1, -1, -1, -1, -1, -1, -1, -1, -1, -1, -1, -1, -1, -1, -1)","(0, 52707, -1, -1, -1, -1, -1, -1, -1, -1, -1, -1, -1, -1, -1, -1, -1, -1, -1, -1, -1, -1, -1, -1, -1, -1, -1, -1, -1, -1, -1, -1, -1, -1, -1, -1, -1, -1, -1, -1, -1, -1, -1, -1, -1, -1, -1, -1, -1, -1, -1)","(0, 587, -1, -1, -1, -1, -1, -1, -1, -1, -1, -1, -1, -1, -1, -1, -1, -1, -1, -1, -1, -1, -1, -1, -1, -1, -1, -1, -1, -1, -1, -1, -1, -1, -1, -1, -1, -1, -1, -1, -1, -1, -1, -1, -1, -1, -1, -1, -1, -1, -1)","(-, -, -, -, -, -, -, -, -, -, -, -, -, -, -, -, -, -, -, -, -, -, -, -, -, -, -, -, -, -, -, -, -, -, -, -, -, -, -, -, -, -, -, -, -, -, -, -, -, -, -)",0.0,0.0,0,-,0,0,-,"(57.309120178222656, 76.1786880493164, 93.67996215820312, 123.78237915039062, 124.42447662353516)","(0.34812647104263306, 0.24762049317359924, 0.35971516370773315, 0.2599872946739197, 0.19293156266212463)","(18.104434967041016, 17.795413970947266, 17.570880889892578, 17.26835060119629, 17.262697219848633)","(0.032109007239341736, 0.028641536831855774, 0.019323989748954773, 0.017202341929078102, 0.019864888861775398)",-28.365372,"(0.05909290164709091, 0.046044789254665375, 0.0318535715341568, 0.02367061749100685, 0.017606589943170547)",0.0,0.0,-1.0,,,,,,,,,1.0,0.0,0.0,0.0,0.0,16.658,0.14800000000000002,7.1,2,15.961,,,0,15.061,,,0,0.311766,14.564,0.027000000000000003,39.79999923706055,0.9955,13.354,0.028,39.400001525878906,1.021,9.849,0.039,28.200000762939453,0.8742,7.852,0.027000000000000003,8.600000381469727,0.8985,0000,AAAB,0.091044,0.0,0.0,0.0,0.0,0.0,0.0,0.0,0.0,0.0,0,-1.0,-1.0,-1.0,0.09431930790304625
232.621070392,55.54663802010001,2.52042053E-4,26266-14011,26266,14011,5217.1,60.48305447434901,5393.0,260.0,18.503088,0.0792566165,18.4705276,0.075545609,18.498874700000002,0.0576863587,18.3905258,0.048872705499999995,17.6738434,0.027683489,17.272548699999998,0.0209407117,16.9843616,0.0328689665,18.5490875,0.0740214437,17.984087,0.0206590723,17.4256077,0.012698619599999999,17.072105399999998,0.0148357656,17.0063438,0.0304667484,246315,-3.6310915234173406,0.12995544207737442,3.0,0.8763398332492908,1.451332898564575,0.4973220279441734,-1.3626624701281114,-1.103894285865603,4.8238648077885005,1.3367310328344826,1.475556434598932,2.6720563472138408,0.07253973025840951,-1.0937617922383938,-0.9668672764782008,0.23592624457140896,2.9752514423532315,2.3259999525772432,-0.2773796536170407,-1.3988481246753373,-1.3023392344158882,-0.8411345689502661,-1.877953211996064,1.2492103558862828,-1.8185114323888285,-1.6692235465936094,-0.022120605539866514,0.1643840113305318,0.3385682469471221,1.0064348497922948,2.0212888442219747,1.3341249813617126,1.414738541940494,1.823635884066647,1.2130607431743403,1.3204053918327219,0.5640288587428605,0.9382639639969406,1.7478284811655844,153029.04+553247.9,232.6210174560547,55.54665756225586,-1,614,53437,101,SDSS,1.7323,0.0,DR7Q,-1.0,-1.0,-1.0,-1,0.0,0.0,0.0,0,0,0,0,0,0,0,0,0,"(-1, -1, -1, -1, -1, -1, -1, -1, -1, -1, -1, -1, -1, -1, -1, -1, -1, -1, -1, -1, -1, -1, -1, -1, -1, -1, -1, -1, -1, -1, -1, -1, -1, -1, -1, -1, -1, -1, -1, -1, -1, -1, -1, -1, -1, -1, -1, -1, -1, -1, -1)","(-1, -1, -1, -1, -1, -1, -1, -1, -1, -1, -1, -1, -1, -1, -1, -1, -1, -1, -1, -1, -1, -1, -1, -1, -1, -1, -1, -1, -1, -1, -1, -1, -1, -1, -1, -1, -1, -1, -1, -1, -1, -1, -1, -1, -1, -1, -1, -1, -1, -1, -1)","(-1, -1, -1, -1, -1, -1, -1, -1, -1, -1, -1, -1, -1, -1, -1, -1, -1, -1, -1, -1, -1, -1, -1, -1, -1, -1, -1, -1, -1, -1, -1, -1, -1, -1, -1, -1, -1, -1, -1, -1, -1, -1, -1, -1, -1, -1, -1, -1, -1, -1, -1)","(-, -, -, -, -, -, -, -, -, -, -, -, -, -, -, -, -, -, -, -, -, -, -, -, -, -, -, -, -, -, -, -, -, -, -, -, -, -, -, -, -, -, -, -, -, -, -, -, -, -, -)",0.0,0.0,0,-,0,0,-,"(-9999.0, -9999.0, -9999.0, -9999.0, -9999.0)","(-9999.0, -9999.0, -9999.0, -9999.0, -9999.0)","(18.607999801635742, 17.957000732421875, 17.415000915527344, 17.08300018310547, 16.979999542236328)","(0.02199999988079071, 0.01600000075995922, 0.017999999225139618, 0.017000000923871994, 0.01600000075995922)",-28.291784000000003,"(-9999.0, -9999.0, -9999.0, -9999.0, -9999.0)",0.0,0.0,-1.0,,,,,,,,,1.0,0.9850053787231444,4.536197181575333,4.910582065582275,2.4564545341405744,15.841,0.066,15.5,2,15.244000000000002,0.08199999999999999,13.2,2,14.738,0.099,11.1,2,0.17599,13.66,0.024,45.599998474121094,0.9512,12.254,0.022,50.29999923706055,0.9819,9.019,0.025,43.70000076293945,0.9112,6.86,0.024,21.799999237060547,0.9197,0000,AAAA,0.06655900000000001,0.0,0.0,0.0,0.0,0.0,0.0,0.0,0.0,0.0,1,2.82,17.972954,0.272719,0.12873520797407537
213.302439758,56.6870258604,3.04206624E-4,26292-10693,26292,10693,6035.4,175.635939595533,6027.0,159.0,18.3412495,0.0489389747,18.1256218,0.040556062000000004,18.1621513,0.040821135,18.076664,0.037242658399999996,17.9005527,0.033614482700000003,17.578990899999994,0.0303673465,17.2039356,0.0375077315,18.474968,0.0506950766,17.8533115,0.00923611317,17.5771236,0.00928581413,17.269679999999994,0.0170143284,17.1095772,0.0408874042,259232,-3.6696007266417783,0.19758492952788276,3.0,-0.9336431666304208,0.013058117677041896,1.1627938058751353,0.1342173594247301,0.27085463023442724,-5.1770004277632955,-0.9409276131444564,0.12462227202711462,2.041442438227571,1.1170475952798733,0.5594703192348538,0.6217740891153639,-0.3781144911144416,-0.9285261366934836,1.6823271610171875,0.7043274777565316,0.0494031224217197,0.0984285443917199,-0.9907547003972446,-4.631150802734195,0.677359723542296,-1.8604129481574765,-1.8309639192473377,-1.621235331479866,-1.090514246146264,-0.6310089935532579,0.32737319672734233,-1.211282909451931,-0.593650332216795,0.0244312249315939,-1.3421643125935852,-0.6612681348036565,-0.025472558633220867,0.061281038497379786,0.9696191106435632,2.9592985202558117,141312.57+564113.3,213.30239868164062,56.68703842163086,-1,1160,52674,435,SDSS,0.6684,0.0,DR7Q,-1.0,-1.0,-1.0,-1,0.0,0.0,0.0,0,0,0,0,0,0,0,0,0,"(-1, -1, -1, -1, -1, -1, -1, -1, -1, -1, -1, -1, -1, -1, -1, -1, -1, -1, -1, -1, -1, -1, -1, -1, -1, -1, -1, -1, -1, -1, -1, -1, -1, -1, -1, -1, -1, -1, -1, -1, -1, -1, -1, -1, -1, -1, -1, -1, -1, -1, -1)","(-1, -1, -1, -1, -1, -1, -1, -1, -1, -1, -1, -1, -1, -1, -1, -1, -1, -1, -1, -1, -1, -1, -1, -1, -1, -1, -1, -1, -1, -1, -1, -1, -1, -1, -1, -1, -1, -1, -1, -1, -1, -1, -1, -1, -1, -1, -1, -1, -1, -1, -1)","(-1, -1, -1, -1, -1, -1, -1, -1, -1, -1, -1, -1, -1, -1, -1, -1, -1, -1, -1, -1, -1, -1, -1, -1, -1, -1, -1, -1, -1, -1, -1, -1, -1, -1, -1, -1, -1, -1, -1, -1, -1, -1, -1, -1, -1, -1, -1, -1, -1, -1, -1)","(-, -, -, -, -, -, -, -, -, -, -, -, -, -, -, -, -, -, -, -, -, -, -, -, -, -, -, -, -, -, -, -, -, -, -, -, -, -, -, -, -, -, -, -, -, -, -, -, -, -, -)",0.0,0.0,0,-,0,0,-,"(-9999.0, -9999.0, -9999.0, -9999.0, -9999.0)","(-9999.0, -9999.0, -9999.0, -9999.0, -9999.0)","(18.172000885009766, 17.652000427246094, 17.35700035095215, 17.1299991607666, 17.0049991607666)","(0.02199999988079071, 0.01899999938905239, 0.017999999225139618, 0.024000000208616257, 0.019999999552965164)",-26.196579,"(-9999.0, -9999.0, -9999.0, -9999.0, -9999.0)",0.0,0.0,-1.0,,,,,,,,,1.0,5.995436191558838,1.519224273807107,28.685306549072266,0.06942143529553678,15.876,0.062,17.3,2,15.288,0.101,11.8,2,14.775,0.101,11.5,2,0.217746,13.661,0.024,45.599998474121094,1.245,12.724,0.024,45.79999923706055,0.951,10.12,0.049,22.0,0.9155,7.31,0.024,13.699999809265137,0.9273,0000,AAAA,0.134005,0.0,0.0,0.0,0.0,0.0,0.0,0.0,0.0,0.0,1,17.34,117.308885,0.18194,0.09295541268703271
131.600979523,58.281770857299996,3.7490029399999997E-4,26305-8919,26305,8919,6441.2,259.0952891348,6802.0,358.0,18.495101899999998,0.0452942289,18.465108899999997,0.093570523,18.4629803,0.08575089279999999,18.191001899999996,0.0657379329,17.8325195,0.0406223312,17.861690499999995,0.018223721499999998,17.6153221,0.0360829681,18.4057827,0.033316277000000005,18.0623741,0.0319577791,17.825098,0.0169480611,17.739555399999997,0.021752495299999997,17.5890484,0.039562042799999995,269776,-2.665413920239204,0.10879326144249812,4.0,-1.1831360541031588,-1.1293824443105305,0.757461987348021,-0.5327633341908905,0.9821185459556012,2.5749312715352657,-1.3245350236265954,-0.6555308847913298,-0.9967209710300876,0.9244981259489616,0.3804988149764414,1.0779636999479152,2.202451611579674,-1.8035193249895844,0.13682526511225915,0.94028646163444,0.5076149435726041,1.0722064650829763,1.7716542291077817,0.10241512142035844,2.197715480976493,-1.6624474384371697,-0.6579283725817265,-0.4811819759098601,-0.9811064721199948,-0.754506808436328,5.866747284626213,0.9049832013329396,-0.5393106570693844,-0.2518758388803351,-0.27412633526712915,-1.169994817616398,-0.7749369945724253,-2.150229526007388,-1.137128327976238,1.1646219438629752,084624.23+581654.4,131.60096474893197,58.281785662166996,521084003,5148,56220,230,BOSS,0.865,0.0,VI,0.8650000095367432,0.8648063540458679,8.779426570981741E-5,0,0.86477375,0.86608046,0.86608046,0,4194304,0,0,0,0,1,0,1,"(0, 1784, -1, -1, -1, -1, -1, -1, -1, -1, -1, -1, -1, -1, -1, -1, -1, -1, -1, -1, -1, -1, -1, -1, -1, -1, -1, -1, -1, -1, -1, -1, -1, -1, -1, -1, -1, -1, -1, -1, -1, -1, -1, -1, -1, -1, -1, -1, -1, -1, -1)","(0, 54425, -1, -1, -1, -1, -1, -1, -1, -1, -1, -1, -1, -1, -1, -1, -1, -1, -1, -1, -1, -1, -1, -1, -1, -1, -1, -1, -1, -1, -1, -1, -1, -1, -1, -1, -1, -1, -1, -1, -1, -1, -1, -1, -1, -1, -1, -1, -1, -1, -1)","(0, 619, -1, -1, -1, -1, -1, -1, -1, -1, -1, -1, -1, -1, -1, -1, -1, -1, -1, -1, -1, -1, -1, -1, -1, -1, -1, -1, -1, -1, -1, -1, -1, -1, -1, -1, -1, -1, -1, -1, -1, -1, -1, -1, -1, -1, -1, -1, -1, -1, -1)","(-, -, -, -, -, -, -, -, -, -, -, -, -, -, -, -, -, -, -, -, -, -, -, -, -, -, -, -, -, -, -, -, -, -, -, -, -, -, -, -, -, -, -, -, -, -, -, -, -, -, -)",0.0,0.0,0,-,0,0,-,"(37.08866500854492, 52.276668548583984, 73.17188262939453, 75.84283447265625, 87.59224700927734)","(1.3185254335403442, 0.9474570155143738, 0.634124755859375, 0.37047895789146423, 0.1929626762866974)","(18.576881408691406, 18.204227447509766, 17.839136123657227, 17.800207138061523, 17.64375877380371)","(0.025493325665593147, 0.021337036043405533, 0.018633326515555382, 0.023519229143857956, 0.02821369655430317)",-26.167578,"(0.31894204020500183, 0.2485174685716629, 0.17192323505878448, 0.12775738537311554, 0.09502802789211273)",0.0,0.0,-1.0,,,,,,,,,1.0,1.5205746889114382,3.4473969991162265,21.4805908203125,12.163504482592804,16.352,0.104,11.1,2,16.336,0.202,5.2,2,15.371,0.14400000000000002,7.9,2,0.14513,13.856,0.025,42.70000076293945,1.03,12.671,0.025,43.70000076293945,1.144,10.085,0.06,18.100000381469727,0.9091,7.545,0.025,6.199999809265137,0.9635,0000,AAAB,0.042578,0.0,0.0,0.0,0.0,0.0,0.0,0.0,0.0,0.0,0,-1.0,-1.0,-1.0,0.06018741699655263
1.8438191016799999,2.07024341432,2.55280698E-4,26325-18592,26325,18592,6100.0,113.55688010788,6249.0,192.0,18.7552528,0.097281538,18.296293300000002,0.0691838712,18.1424408,0.0459900461,18.1071663,0.0365799777,17.6244469,0.0251321681,17.4337807,0.018538493700000002,17.376483899999997,0.0384686179,18.5621338,0.0651083812,17.8923073,0.0183562562,17.5600967,0.0110419178,17.3959866,0.0140156979,17.4405479,0.0406554639,281676,-2.467216622986797,0.002321141685411082,3.0,-0.5744393984413747,-0.36939013417099736,0.7535735218270445,0.5609091408785828,0.3346301826318259,3.6381677615044654,0.018682184311558856,-0.3903510182069755,0.0789880327906816,0.7221163200113997,0.5685572847748079,0.4595255473533298,1.7375631927870765,2.301390878998515,-0.1106173701194494,0.6240419251122946,0.4451924519204476,0.36082593439217897,1.0758187046451049,2.235349419599436,-0.5246433031606029,-0.8854796309077392,-1.1006772731136638,-0.3713590429673514,-0.481931130977721,-0.6342326741260068,-1.1641053950169813,0.25972898700836483,-0.217487142640898,-0.4560650283303272,0.45345514112419394,-0.130330057712911,-0.3838597897712163,-0.7640680655704568,-1.001932905264976,-1.4721839142399478,000722.51+020412.8,1.8438199142669875,2.070245427839022,129516567,7852,56987,978,BOSS,1.733,0.0,VI,1.7330000400543213,3.37182879447937,2.8337110416032374E-4,0,1.7413633000000002,1.7304316000000002,1.7304316000000002,0,0,0,0,1073741824,67108864,0,0,0,"(-1, -1, -1, -1, -1, -1, -1, -1, -1, -1, -1, -1, -1, -1, -1, -1, -1, -1, -1, -1, -1, -1, -1, -1, -1, -1, -1, -1, -1, -1, -1, -1, -1, -1, -1, -1, -1, -1, -1, -1, -1, -1, -1, -1, -1, -1, -1, -1, -1, -1, -1)","(-1, -1, -1, -1, -1, -1, -1, -1, -1, -1, -1, -1, -1, -1, -1, -1, -1, -1, -1, -1, -1, -1, -1, -1, -1, -1, -1, -1, -1, -1, -1, -1, -1, -1, -1, -1, -1, -1, -1, -1, -1, -1, -1, -1, -1, -1, -1, -1, -1, -1, -1)","(-1, -1, -1, -1, -1, -1, -1, -1, -1, -1, -1, -1, -1, -1, -1, -1, -1, -1, -1, -1, -1, -1, -1, -1, -1, -1, -1, -1, -1, -1, -1, -1, -1, -1, -1, -1, -1, -1, -1, -1, -1, -1, -1, -1, -1, -1, -1, -1, -1, -1, -1)","(-, -, -, -, -, -, -, -, -, -, -, -, -, -, -, -, -, -, -, -, -, -, -, -, -, -, -, -, -, -, -, -, -, -, -, -, -, -, -, -, -, -, -, -, -, -, -, -, -, -, -)",860.6175,12.262926,0,-,0,0,-,"(30.581281661987305, 81.26753997802734, 110.58027648925781, 130.91505432128906, 122.90502166748047)","(2.569911479949951, 0.48769688606262207, 0.3211475908756256, 0.22570736706256866, 0.16044043004512787)","(18.786338806152344, 17.72520637512207, 17.390804290771484, 17.207523345947266, 17.276037216186523)","(0.022145798429846764, 0.019130712375044823, 0.01732579991221428, 0.017456622794270515, 0.022052928805351257)",-28.168514,"(0.10135645419359207, 0.07897626608610153, 0.054635412991046906, 0.040599968284368515, 0.030198916792869568)",0.0,0.0,-1.0,,,,,,,,,1.0,-0.1333521008491516,27.6026402900897,4.563464641571045,8.582084662144553,16.623,0.112,9.3,2,15.96,0.14,7.9,2,15.6,0.17600000000000002,6.4,2,0.632815,14.217,0.029,37.400001525878906,1.109,13.005,0.03,35.900001525878906,0.9393,9.823,0.054000000000000006,20.0,0.9836,7.53,0.029,7.400000095367432,0.9757,0000,AAAB,0.142973,0.0,0.0,0.0,0.0,0.0,0.0,0.0,0.0,0.0,0,-1.0,-1.0,-1.0,0.007815976223010324
22.5707904794,1.33112514412,3.27593763E-4,26352-2552,26352,2552,6210.8,401.04055351797797,5981.0,313.0,18.0033264,0.0493365824,17.9334602,0.0467852615,17.8950577,0.0370769873,17.9500389,0.0384023488,17.8223839,0.0337138847,17.4381771,0.025397239300000003,17.143116,0.0358841643,18.0163574,0.047447942199999996,17.8678551,0.0204602685,17.551761600000006,0.0156061323,17.166376100000004,0.0162191112,17.0155849,0.025546344,294322,-4.143296439692712,0.0,1.0,-0.677778278079126,0.5292665404569677,1.8051899401521418,2.1812255781623167,1.3308548449542232,-2.5833119183089748,-0.13160281836419882,0.4152198652325701,3.1085860231055253,1.4680062541830656,1.3780001743239942,0.9674519105241912,0.05311386564585136,1.98058708876012,2.017674347818234,0.8651300390425553,0.4933662989387102,0.16230273387675762,-1.1198350398526318,-3.68254748724972,-0.4269737500832682,-1.476691255307533,-2.17241147537479,-1.9401344738068211,-1.1894418006106655,-0.8566082336355438,-3.8449844603727614,-2.295197584706852,-0.9721517337899708,-0.491092039258919,-1.6259437526513922,-0.6183951400285944,-0.1915022316873848,0.4562828156718708,0.8933803105648452,1.8436937695992213,013016.98+011952.0,22.570782233054103,1.3311124169430657,123007473,7860,57006,179,BOSS,0.23093712,0.0,AUTO,-1.0,0.23093712329864505,2.5413164621568285E-5,0,-1.0,-1.0,-1.0,0,0,0,0,2147483648,1,0,0,0,"(-1, -1, -1, -1, -1, -1, -1, -1, -1, -1, -1, -1, -1, -1, -1, -1, -1, -1, -1, -1, -1, -1, -1, -1, -1, -1, -1, -1, -1, -1, -1, -1, -1, -1, -1, -1, -1, -1, -1, -1, -1, -1, -1, -1, -1, -1, -1, -1, -1, -1, -1)","(-1, -1, -1, -1, -1, -1, -1, -1, -1, -1, -1, -1, -1, -1, -1, -1, -1, -1, -1, -1, -1, -1, -1, -1, -1, -1, -1, -1, -1, -1, -1, -1, -1, -1, -1, -1, -1, -1, -1, -1, -1, -1, -1, -1, -1, -1, -1, -1, -1, -1, -1)","(-1, -1, -1, -1, -1, -1, -1, -1, -1, -1, -1, -1, -1, -1, -1, -1, -1, -1, -1, -1, -1, -1, -1, -1, -1, -1, -1, -1, -1, -1, -1, -1, -1, -1, -1, -1, -1, -1, -1, -1, -1, -1, -1, -1, -1, -1, -1, -1, -1, -1, -1)","(-, -, -, -, -, -, -, -, -, -, -, -, -, -, -, -, -, -, -, -, -, -, -, -, -, -, -, -, -, -, -, -, -, -, -, -, -, -, -, -, -, -, -, -, -, -, -, -, -, -, -)",0.0,0.0,0,-,0,0,-,"(60.361454010009766, 63.94648361206055, 81.34196472167969, 104.0446548461914, 107.7184829711914)","(1.0006086826324463, 0.7758001685142517, 0.5378841757774353, 0.5504656434059143, 0.24743708968162537)","(18.048095703125, 17.985456466674805, 17.724210739135742, 17.456947326660156, 17.41922378540039)","(0.017981577664613724, 0.01927662454545498, 0.01819966360926628, 0.014064906165003777, 0.020260991528630257)",-23.159462,"(0.0907258540391922, 0.07069297134876251, 0.04890506714582443, 0.03634170815348625, 0.02703155390918255)",0.05209507,3.945583811184207,2.2184566507139185,,,,,,,,,1.0,28.110685348510746,21.09701427082662,28.41344451904297,0.3631126139763291,16.093,0.095,13.2,2,15.093,0.081,13.7,2,13.988,0.055,23.0,2,0.08993999999999999,12.428,0.023,48.0,1.57,11.479,0.021,51.79999923706055,1.286,9.051,0.031,34.70000076293945,1.031,6.6629999999999985,0.023,17.600000381469727,1.041,0000,AAAA,0.033713,0.0,0.0,0.0,0.0,0.0,0.0,0.0,0.0,0.0,0,-1.0,-1.0,-1.0,0.05459035965659536
339.88318076400003,12.373454035999998,5.501792179999999E-4,26462-1144,26462,1144,6279.8,279.771184772935,6092.0,94.0,17.4341545,0.0302513763,17.7168922,0.038203544900000004,17.6830063,0.0294395927,17.693763699999995,0.0253475383,17.525053,0.022464877,17.201400800000002,0.0166664217,16.9380569,0.028097664900000003,17.8780212,0.0376071334,17.5302887,0.013121078700000002,17.2547588,0.00965857226,17.0225792,0.012110491299999998,16.9204597,0.0249002296,361303,-3.035590561331184,0.2411481002698344,3.0,-0.9378621007315778,-0.3195036751000981,1.4291524509467273,1.2689517855850356,0.7204596974829768,-3.7089256875798937,-0.6566626288295284,-0.09572317410430063,1.0109633920115622,1.29876550338302,1.0903453657196531,0.8284217204627652,0.055793180125242835,0.4630212502647435,1.148098822710099,0.9968212629612326,0.6783747862341518,0.4703683671696887,-0.33136708715099195,-1.3311531323795858,1.165470944261652,-1.499820457756761,-1.9655355146404527,-1.7141972256487166,-1.1505081423257413,-0.8763764653830641,-2.5313980651590184,-1.8059251252499708,-0.8980432120489203,-0.5085673067196724,-1.3855051810481285,-0.6773135918825501,-0.3207223172138256,0.07446184646294621,0.4879039016754373,1.4013634631829015,223931.96+122224.4,339.88318691924286,12.373449020079185,222355849,5049,56103,873,BOSS,1.483,0.0,VI,1.4830000400543213,1.4831362962722778,1.0904112423304468E-4,0,1.4797746,1.4798809,1.4798809,0,4194304,0,0,0,0,1,0,1,"(0, 739, -1, -1, -1, -1, -1, -1, -1, -1, -1, -1, -1, -1, -1, -1, -1, -1, -1, -1, -1, -1, -1, -1, -1, -1, -1, -1, -1, -1, -1, -1, -1, -1, -1, -1, -1, -1, -1, -1, -1, -1, -1, -1, -1, -1, -1, -1, -1, -1, -1)","(0, 52520, -1, -1, -1, -1, -1, -1, -1, -1, -1, -1, -1, -1, -1, -1, -1, -1, -1, -1, -1, -1, -1, -1, -1, -1, -1, -1, -1, -1, -1, -1, -1, -1, -1, -1, -1, -1, -1, -1, -1, -1, -1, -1, -1, -1, -1, -1, -1, -1, -1)","(0, 209, -1, -1, -1, -1, -1, -1, -1, -1, -1, -1, -1, -1, -1, -1, -1, -1, -1, -1, -1, -1, -1, -1, -1, -1, -1, -1, -1, -1, -1, -1, -1, -1, -1, -1, -1, -1, -1, -1, -1, -1, -1, -1, -1, -1, -1, -1, -1, -1, -1)","(-, -, -, -, -, -, -, -, -, -, -, -, -, -, -, -, -, -, -, -, -, -, -, -, -, -, -, -, -, -, -, -, -, -, -, -, -, -, -, -, -, -, -, -, -, -, -, -, -, -, -)",0.0,0.0,0,-,0,0,-,"(51.63155746459961, 65.02193450927734, 88.32511901855469, 112.56196594238281, 122.56430053710938)","(0.779293954372406, 0.8327820897102356, 0.3896739184856415, 0.4910765290260315, 0.3274320363998413)","(18.21770477294922, 17.967348098754883, 17.63478660583496, 17.371517181396484, 17.279050827026367)","(0.02382056415081024, 0.018297724425792694, 0.019691908732056618, 0.013764354400336742, 0.015479897148907185)",-27.620424,"(0.21026575565338135, 0.16383765637874603, 0.11334212869405746, 0.08422534912824631, 0.06264818459749222)",0.0,0.0,-1.0,,,,,,,,,1.0,0.24728387594223025,1748.8096891716505,17.933874130249023,197.61353253051786,15.684,0.07400000000000001,18.6,2,14.847,0.057,20.4,2,14.529000000000002,0.108,10.6,2,0.057735,13.655,0.025,42.900001525878906,1.017,12.527,0.023,46.599998474121094,0.9305,9.308,0.031,34.79999923706055,0.8767,6.744,0.025,14.5,1.004,0000,AAAA,0.033557,0.0,0.0,0.0,0.0,0.0,0.0,0.0,0.0,0.0,1,38.279999,252.463053,0.239464,0.02818752038796537
137.286657297,39.0677131701,2.93716905E-4,33206-15967,33206,15967,6232.7,330.641579865918,6333.0,144.0,17.367939,0.028047963999999998,18.3010292,0.059574998899999995,18.2304382,0.0444658771,18.030408899999998,0.039131298700000004,17.9599228,0.0378059372,17.732976899999993,0.030350778300000002,17.0976028,0.0304004792,18.019968,0.0415169485,17.9542313,0.0224317443,17.7170715,0.016003741000000002,17.4177723,0.0169811938,17.215726899999996,0.025827983399999997,498469,-2.875076557927593,0.16828919910581502,3.0,-1.1838817410878957,-0.193571991774505,0.9313020664724978,0.3714012772496741,1.375953888082395,-4.014621075473123,-1.2173727095786788,0.9237803059955724,1.9299331702640357,1.0424381923473929,0.8021223678108067,1.2574078725940705,0.2798960735354541,-1.2822531671100044,4.011575048871244,0.6548963306327376,0.26572111364589324,0.6307245949173459,-0.5351252541951605,-4.780199010286467,7.2908652882007905,-1.3118561286553634,-0.6760942067954966,-1.2966166235620558,-1.0492434085406972,-0.1470786816908621,3.72963200037046,-1.1601247217692825,-0.8505182514212789,0.4608435587010778,-1.9607476570089355,-1.2663225537467595,0.12610566642161972,-0.5353100485641127,1.697778925826129,6.589722850585464,090908.79+390403.7,137.28664506063174,39.06772218650894,427752431,4605,55971,2,BOSS,2.068,0.0,VI,2.068000078201294,2.063031911849976,1.8499889119993893E-4,0,2.0656438,2.067831,2.067831,0,8388608,0,0,0,0,1,0,1,"(0, 937, -1, -1, -1, -1, -1, -1, -1, -1, -1, -1, -1, -1, -1, -1, -1, -1, -1, -1, -1, -1, -1, -1, -1, -1, -1, -1, -1, -1, -1, -1, -1, -1, -1, -1, -1, -1, -1, -1, -1, -1, -1, -1, -1, -1, -1, -1, -1, -1, -1)","(0, 52707, -1, -1, -1, -1, -1, -1, -1, -1, -1, -1, -1, -1, -1, -1, -1, -1, -1, -1, -1, -1, -1, -1, -1, -1, -1, -1, -1, -1, -1, -1, -1, -1, -1, -1, -1, -1, -1, -1, -1, -1, -1, -1, -1, -1, -1, -1, -1, -1, -1)","(0, 467, -1, -1, -1, -1, -1, -1, -1, -1, -1, -1, -1, -1, -1, -1, -1, -1, -1, -1, -1, -1, -1, -1, -1, -1, -1, -1, -1, -1, -1, -1, -1, -1, -1, -1, -1, -1, -1, -1, -1, -1, -1, -1, -1, -1, -1, -1, -1, -1, -1)","(-, -, -, -, -, -, -, -, -, -, -, -, -, -, -, -, -, -, -, -, -, -, -, -, -, -, -, -, -, -, -, -, -, -, -, -, -, -, -, -, -, -, -, -, -, -, -, -, -, -, -)",0.0,0.0,0,-,0,0,-,"(66.45624542236328, 66.54077911376953, 74.59185791015625, 94.2214126586914, 118.09244537353516)","(0.749786913394928, 1.0153977870941162, 1.4027916193008423, 0.574790894985199, 0.14496342837810516)","(17.943655014038086, 17.942277908325195, 17.818267822265625, 17.56462287902832, 17.31940269470215)","(0.018867559731006622, 0.0161926057189703, 0.012289495207369328, 0.015199054963886738, 0.024145647883415222)",-28.315742,"(0.07703770697116852, 0.06002725660800934, 0.04152657836675644, 0.03085869923233986, 0.022953202947974205)",0.0,0.0,-1.0,,,,,,,,,1.0,11.851152420043945,0.4532076977918045,18.416154861450195,0.7398466755086694,16.361,0.108,10.3,2,15.96,0.18,6.2,2,15.130999999999998,0.118,9.5,2,0.454758,14.47,0.028,39.20000076293945,0.9418,13.548,0.031,35.20000076293945,0.9075,10.495,0.087,12.5,1.154,8.833,0.028,2.4000000953674316,1.014,0000,AAAC,0.082673,0.0,0.0,0.0,0.0,0.0,0.0,0.0,0.0,0.0,0,-1.0,-1.0,-1.0,0.04715203243363701
136.738756933,40.525327732,2.8698015400000003E-4,33209-14977,33209,14977,6362.9,496.001612742605,6361.0,463.0,18.2368317,0.0546048954,18.360817,0.0586472489,18.446022,0.053776543600000004,18.4073277,0.0522192456,18.3800964,0.0543398224,18.1691437,0.0428091772,17.549583399999996,0.0488064364,17.908201199999993,0.0396614447,18.270195,0.0256623123,18.051132199999998,0.021371453999999998,17.7067146,0.022017568300000002,17.5706654,0.0388662256,500325,-4.13944789349363,0.0,1.0,-1.2999152523773825,-0.07520991981450438,1.7274426950339992,1.1009870006415257,0.9182573938293256,-6.929959478980926,-1.8435633463906962,0.3993043843884152,2.5476729369358777,1.6195285999831706,1.2032982165141124,1.1111048793248604,-0.4233149591886931,-3.855086210072541,2.8963245318354134,1.069588929363212,0.46456434178856393,0.3897666840368065,-1.209058548718693,-8.503420048479981,3.052860844840485,-2.1096768842637665,-2.3283582874567053,-2.3048094438700955,-1.7743816622098063,-0.8207276107900258,-1.0625265448423915,-2.333913904700605,-1.5116768426069742,-0.12996308673261034,-2.2140650362519225,-1.4453480595672206,-0.06327798863542787,-0.6361535703569262,1.5580072064325077,6.369182481334652,090657.29+403131.2,136.73874653915476,40.52534308842414,436451139,4605,55971,884,BOSS,2.005,0.0,VI,2.0050001144409184,2.0025358200073238,1.2123159103794023E-4,0,2.0041013,2.0042312,2.0042312,0,8388608,0,0,0,0,1,0,1,"(0, 1200, -1, -1, -1, -1, -1, -1, -1, -1, -1, -1, -1, -1, -1, -1, -1, -1, -1, -1, -1, -1, -1, -1, -1, -1, -1, -1, -1, -1, -1, -1, -1, -1, -1, -1, -1, -1, -1, -1, -1, -1, -1, -1, -1, -1, -1, -1, -1, -1, -1)","(0, 52668, -1, -1, -1, -1, -1, -1, -1, -1, -1, -1, -1, -1, -1, -1, -1, -1, -1, -1, -1, -1, -1, -1, -1, -1, -1, -1, -1, -1, -1, -1, -1, -1, -1, -1, -1, -1, -1, -1, -1, -1, -1, -1, -1, -1, -1, -1, -1, -1, -1)","(0, 208, -1, -1, -1, -1, -1, -1, -1, -1, -1, -1, -1, -1, -1, -1, -1, -1, -1, -1, -1, -1, -1, -1, -1, -1, -1, -1, -1, -1, -1, -1, -1, -1, -1, -1, -1, -1, -1, -1, -1, -1, -1, -1, -1, -1, -1, -1, -1, -1, -1)","(-, -, -, -, -, -, -, -, -, -, -, -, -, -, -, -, -, -, -, -, -, -, -, -, -, -, -, -, -, -, -, -, -, -, -, -, -, -, -, -, -, -, -, -, -, -, -, -, -, -, -)",0.0,0.0,0,-,0,0,-,"(58.76398468017578, 48.65309524536133, 53.22056198120117, 68.42672729492188, 81.11708068847656)","(1.237541913986206, 2.404649019241333, 1.5465617179870605, 0.9460209012031555, 0.42890414595603943)","(18.07721519470215, 18.2822208404541, 18.184795379638672, 17.911928176879883, 17.727128982543945)","(0.01660841517150402, 0.014390802942216396, 0.01640426553785801, 0.01631331257522106, 0.020434292033314705)",-27.881247,"(0.07937811315059662, 0.0618508905172348, 0.04278815910220146, 0.03179618716239929, 0.023650523275136948)",0.0,0.0,-1.0,,,,,,,,,1.0,4.6550259590148935,2.3168190237157766,8.978428840637207,4.321850450495009,16.722,0.138,7.9,2,16.189,,,0,15.671,0.185,6.2,2,0.333154,14.889,0.029,37.20000076293945,0.9262,14.066,0.037000000000000005,29.700000762939453,0.9464,10.743,0.077,14.100000381469727,0.87,8.374,0.029,4.599999904632568,0.8434,0000,AAAB,0.14289200000000002,0.0,0.0,0.0,0.0,0.0,0.0,0.0,0.0,0.0,0,-1.0,-1.0,-1.0,0.06217050452317876
122.277086273,41.659025274499996,3.47440568E-4,33231-13102,33231,13102,6336.1,232.885209348506,6328.0,312.0,17.8283291,0.0487401709,17.744556399999997,0.0460231788,17.7330551,0.0370769873,17.6175079,0.0342274606,17.539318100000006,0.031643007,17.1008701,0.0208413098,17.1313782,0.028627809100000002,17.8156815,0.0439688675,17.546642300000002,0.018140886000000002,17.187873800000002,0.0110584851,17.0582771,0.0120276557,17.014751399999998,0.0199466906,513793,-2.9542259248902214,0.09259257020380499,2.0,-0.40415667813000095,-0.40423767957862106,1.3940014933687372,1.0240468109154717,1.4158403582460732,-3.6504985683166207,-0.04776107595505658,-0.7781038014543006,-0.3935530959517129,1.0998270141278501,0.6943946237851248,0.8604104481321343,-0.6068908733287027,1.310813583079374,-1.3128531507142078,1.0113595588726083,0.6394756909315946,0.7769971790381661,-0.2212997669700469,2.1139880603135186,-2.9317790244731845,-1.6144504770512025,-1.424108523074504,-1.676712739804436,-0.9035256435272352,-1.1609169465257008,1.2202470719140777,-1.6006239812767349,-0.4467077506514147,-0.8666362192764379,-1.915631713935045,-0.6039638374395052,-1.000875158175282,0.798295273107935,-0.2989352514068934,-2.696717237542638,080906.50+413932.5,122.27708795864328,41.659037384605504,442777611,3803,55513,871,BOSS,1.224,0.0,VI,1.2239999771118164,1.2237281799316406,1.6279036935884506E-4,0,1.2216616000000002,1.2244976,1.2244976,0,134217728,0,0,0,0,1,0,1,"(0, 546, -1, -1, -1, -1, -1, -1, -1, -1, -1, -1, -1, -1, -1, -1, -1, -1, -1, -1, -1, -1, -1, -1, -1, -1, -1, -1, -1, -1, -1, -1, -1, -1, -1, -1, -1, -1, -1, -1, -1, -1, -1, -1, -1, -1, -1, -1, -1, -1, -1)","(0, 52205, -1, -1, -1, -1, -1, -1, -1, -1, -1, -1, -1, -1, -1, -1, -1, -1, -1, -1, -1, -1, -1, -1, -1, -1, -1, -1, -1, -1, -1, -1, -1, -1, -1, -1, -1, -1, -1, -1, -1, -1, -1, -1, -1, -1, -1, -1, -1, -1, -1)","(0, 265, -1, -1, -1, -1, -1, -1, -1, -1, -1, -1, -1, -1, -1, -1, -1, -1, -1, -1, -1, -1, -1, -1, -1, -1, -1, -1, -1, -1, -1, -1, -1, -1, -1, -1, -1, -1, -1, -1, -1, -1, -1, -1, -1, -1, -1, -1, -1, -1, -1)","(-, -, -, -, -, -, -, -, -, -, -, -, -, -, -, -, -, -, -, -, -, -, -, -, -, -, -, -, -, -, -, -, -, -, -, -, -, -, -, -, -, -, -, -, -, -, -, -, -, -, -)",0.0,0.0,0,-,0,0,-,"(80.00871276855469, 101.58341979980469, 135.18194580078125, 148.243408203125, 149.8988037109375)","(0.6078428626060486, 0.427659273147583, 0.2896045446395874, 0.1561344712972641, 0.16218449175357819)","(17.74215316772461, 17.482942581176758, 17.17270278930664, 17.072559356689453, 17.06047821044922)","(0.017405588179826736, 0.016343755647540092, 0.01492458488792181, 0.01853524148464203, 0.017984580248594284)",-27.534828000000005,"(0.2096400260925293, 0.16335009038448334, 0.11300483345985413, 0.08397470414638519, 0.06246175244450569)",0.0,0.0,-1.0,,,,,,,,,1.0,8.149367332458496,6.614658334940783,40.94259262084961,0.44313815854046745,16.297,0.125,8.6,2,15.617,0.147,7.1,2,15.028,0.124,8.8,2,0.243893,13.484000000000002,0.025,43.70000076293945,1.166,12.121,0.024,46.20000076293945,1.29,8.9,0.031,34.70000076293945,0.753,6.7029999999999985,0.025,15.399999618530273,0.8407,0000,AAAA,0.057114,0.0,0.0,0.0,0.0,0.0,0.0,0.0,0.0,0.0,1,2.21,14.832647,0.419023,0.04383148372989601
130.827044567,37.9922351533,2.67068739E-4,33928-21746,33928,21746,6432.9,196.738887165972,6288.0,305.0,17.992647199999997,0.0452610962,18.232172,0.0556651838,18.1846924,0.0434718579,17.9207764,0.0346913375,18.0326862,0.0374745987,17.675561899999995,0.0289425813,17.5534744,0.051722232300000004,18.0917473,0.0447309501,18.0235882,0.020576236799999998,17.6777077,0.0158132203,17.5679359,0.022150104900000002,17.5251827,0.043107383,517710,-2.516184519330796,0.4571625454321246,2.0,-0.4867913630777192,-0.5475302781790067,1.3608423177219788,1.207995920637978,2.7199402138937425,-4.1099200851790245,-0.5569623142489012,-0.5666054732511402,-0.6649862385341733,1.104494480914601,0.8237325236000272,1.497281342093113,-0.6357516878158678,-0.8274054760795958,-0.6722106048180475,1.0512503395133277,0.7967469323239288,1.3422774017568324,-0.13763950359464364,0.4693417291878002,-0.6556838500743499,-1.430208041484763,-0.463653406091101,-1.6928055747574633,-1.0712881478224676,-1.0483777218249348,5.627268566090609,-1.8400453093931255,-0.8155418850092527,-0.7928066319325262,-3.0289308730373565,-1.4241044932245306,-1.3006817728317752,0.2855168226903701,0.014259831670748915,-0.5686082460244289,084318.48+375932.0,130.82701110839844,37.99223327636719,-1,865,52323,264,SDSS,1.2903,0.0,DR7Q,-1.0,-1.0,-1.0,-1,0.0,0.0,0.0,0,0,0,0,0,0,0,0,0,"(-1, -1, -1, -1, -1, -1, -1, -1, -1, -1, -1, -1, -1, -1, -1, -1, -1, -1, -1, -1, -1, -1, -1, -1, -1, -1, -1, -1, -1, -1, -1, -1, -1, -1, -1, -1, -1, -1, -1, -1, -1, -1, -1, -1, -1, -1, -1, -1, -1, -1, -1)","(-1, -1, -1, -1, -1, -1, -1, -1, -1, -1, -1, -1, -1, -1, -1, -1, -1, -1, -1, -1, -1, -1, -1, -1, -1, -1, -1, -1, -1, -1, -1, -1, -1, -1, -1, -1, -1, -1, -1, -1, -1, -1, -1, -1, -1, -1, -1, -1, -1, -1, -1)","(-1, -1, -1, -1, -1, -1, -1, -1, -1, -1, -1, -1, -1, -1, -1, -1, -1, -1, -1, -1, -1, -1, -1, -1, -1, -1, -1, -1, -1, -1, -1, -1, -1, -1, -1, -1, -1, -1, -1, -1, -1, -1, -1, -1, -1, -1, -1, -1, -1, -1, -1)","(-, -, -, -, -, -, -, -, -, -, -, -, -, -, -, -, -, -, -, -, -, -, -, -, -, -, -, -, -, -, -, -, -, -, -, -, -, -, -, -, -, -, -, -, -, -, -, -, -, -, -)",0.0,0.0,0,-,0,0,-,"(-9999.0, -9999.0, -9999.0, -9999.0, -9999.0)","(-9999.0, -9999.0, -9999.0, -9999.0, -9999.0)","(17.867000579833984, 17.829999923706055, 17.55299949645996, 17.461000442504883, 17.489999771118164)","(0.02199999988079071, 0.023000000044703484, 0.01899999938905239, 0.020999999716877937, 0.028999999165534973)",-27.26811,"(-9999.0, -9999.0, -9999.0, -9999.0, -9999.0)",0.0,0.0,-1.0,,,,,,,,,1.0,13.816237449645994,1.3043032356752389,36.51057434082031,0.7083013179799238,16.808,0.139,7.6,2,16.104,0.151,6.6,2,15.865,0.241,4.5,2,0.439023,14.289,0.029,37.29999923706055,0.981,12.829,0.026,41.599998474121094,0.994,9.897,0.05,21.5,0.949,7.792999999999998,0.029,5.599999904632568,0.8698,0000,AAAB,0.048194,0.0,0.0,0.0,0.0,0.0,0.0,0.0,0.0,0.0,0,-1.0,-1.0,-1.0,0.09516688542309133
183.134882912,42.97278356899999,2.68297852E-4,34154-11108,34154,11108,5955.5,235.64888513804001,5815.0,210.0,18.4386749,0.0619606525,18.394043,0.061629310300000004,18.3650627,0.047348540300000005,18.300140399999997,0.0446978174,18.098880800000003,0.0373089276,17.4867516,0.0240221769,17.5905247,0.0514902957,18.517913800000002,0.0590448566,18.1584969,0.022249506800000002,17.688817999999994,0.014902033799999999,17.6107922,0.0218021963,17.546506899999994,0.043107383,531675,-2.6274484398066607,0.8835345549471739,2.0,0.3069735175113446,-0.14431235487039845,1.2770491800011212,0.8775698659940645,0.8843869326820586,-2.1875993211012,1.1294318532737098,-0.18926725625748786,-1.0996374369979427,0.7872828503872723,0.2505994980775592,0.24018831667979404,-1.0855784558133912,4.210122405690894,-0.9175432281659078,0.8358737476064341,0.4240058365434717,0.4206200002096203,-0.25749244574777863,6.328053825114195,-0.5047631535377083,-1.5249417028382346,-1.596799871416939,-1.4251472498375588,-0.39565952487483613,-0.8339797754974908,-0.2834721900908304,-1.1849872292072607,0.29101177229470765,-0.43461900661967184,-1.194885826774323,0.2927077443475781,-0.43701184109413815,1.8934246954370129,0.14233066266783162,-3.718476090770291,121232.36+425822.0,183.13487243652344,42.97278213500977,-1,1450,53120,401,SDSS,1.3604,0.0,DR7Q,-1.0,-1.0,-1.0,-1,0.0,0.0,0.0,0,0,0,0,0,0,0,0,0,"(-1, -1, -1, -1, -1, -1, -1, -1, -1, -1, -1, -1, -1, -1, -1, -1, -1, -1, -1, -1, -1, -1, -1, -1, -1, -1, -1, -1, -1, -1, -1, -1, -1, -1, -1, -1, -1, -1, -1, -1, -1, -1, -1, -1, -1, -1, -1, -1, -1, -1, -1)","(-1, -1, -1, -1, -1, -1, -1, -1, -1, -1, -1, -1, -1, -1, -1, -1, -1, -1, -1, -1, -1, -1, -1, -1, -1, -1, -1, -1, -1, -1, -1, -1, -1, -1, -1, -1, -1, -1, -1, -1, -1, -1, -1, -1, -1, -1, -1, -1, -1, -1, -1)","(-1, -1, -1, -1, -1, -1, -1, -1, -1, -1, -1, -1, -1, -1, -1, -1, -1, -1, -1, -1, -1, -1, -1, -1, -1, -1, -1, -1, -1, -1, -1, -1, -1, -1, -1, -1, -1, -1, -1, -1, -1, -1, -1, -1, -1, -1, -1, -1, -1, -1, -1)","(-, -, -, -, -, -, -, -, -, -, -, -, -, -, -, -, -, -, -, -, -, -, -, -, -, -, -, -, -, -, -, -, -, -, -, -, -, -, -, -, -, -, -, -, -, -, -, -, -, -, -)",0.0,0.0,0,-,0,0,-,"(-9999.0, -9999.0, -9999.0, -9999.0, -9999.0)","(-9999.0, -9999.0, -9999.0, -9999.0, -9999.0)","(18.891000747680664, 18.534000396728516, 18.076000213623047, 17.999000549316406, 17.95800018310547)","(0.023000000044703484, 0.014999999664723873, 0.01600000075995922, 0.014999999664723873, 0.02500000037252903)",-26.839785,"(-9999.0, -9999.0, -9999.0, -9999.0, -9999.0)",0.0,0.0,-1.0,,,,,,,,,1.0,2.054476022720337,1.2836995289617157,10.446111679077148,1.1687555543387709,16.57,0.113,9.4,2,16.0,0.175,6.2,2,15.727,0.23,5.1,2,0.451488,14.998,0.033,32.599998474121094,1.034,14.175,0.042,25.700000762939453,0.8875,11.357,0.13699999999999998,7.900000095367432,0.9049,8.863,0.033,2.9000000953674316,0.9921,0000,AABC,0.106773,0.0,0.0,0.0,0.0,0.0,0.0,0.0,0.0,0.0,1,37.580002,266.078553,0.050691,0.028071579392174674
182.30671787900002,43.655796152200004,3.16599675E-4,34154-20154,34154,20154,5218.7,151.66044022062098,5124.0,237.0,17.8569794,0.0385680199,18.136287699999997,0.0496347882,18.247695899999997,0.043007980999999994,18.248127,0.0433061868,17.959861800000006,0.0340286568,17.1419296,0.0192840099,16.9428921,0.0309471916,18.245674100000002,0.0471828692,18.0051155,0.0203608666,17.3671837,0.012508098999999998,17.0436058,0.0147943478,16.936622600000003,0.0264575295,531878,-3.1089822006677217,0.4314914102808807,2.0,1.3857697142089924,1.6682812630550128,1.6014212319834298,0.6158069234759984,0.12324015038742815,-2.589396619501358,2.1267298532892656,1.7165463126847025,2.2623456333188763,0.6528767236814846,-0.4410727829747007,-0.6802058379360412,-2.576842757726744,4.794397789339005,2.1656494528643893,0.2759074934546353,-0.7952609334401427,-0.9903819130520418,-2.456329662856681,0.7045888975699066,1.5863488922298792,-2.243861695320272,-2.6687226769988386,-1.7573165116951146,-0.2279153234429485,-0.16430805886965635,-2.2246743735520456,-1.0607624724175089,0.972768569463384,0.8906297213081926,-0.6853462942493037,1.1774668539137183,1.0657570922136053,3.1910949124990675,2.377366893025496,0.5045418768974635,120913.61+433920.9,182.3067321777344,43.65582275390625,-1,1370,53090,307,SDSS,1.3976,0.0,DR7Q,-1.0,-1.0,-1.0,-1,0.0,0.0,0.0,0,0,0,0,0,0,0,0,0,"(-1, -1, -1, -1, -1, -1, -1, -1, -1, -1, -1, -1, -1, -1, -1, -1, -1, -1, -1, -1, -1, -1, -1, -1, -1, -1, -1, -1, -1, -1, -1, -1, -1, -1, -1, -1, -1, -1, -1, -1, -1, -1, -1, -1, -1, -1, -1, -1, -1, -1, -1)","(-1, -1, -1, -1, -1, -1, -1, -1, -1, -1, -1, -1, -1, -1, -1, -1, -1, -1, -1, -1, -1, -1, -1, -1, -1, -1, -1, -1, -1, -1, -1, -1, -1, -1, -1, -1, -1, -1, -1, -1, -1, -1, -1, -1, -1, -1, -1, -1, -1, -1, -1)","(-1, -1, -1, -1, -1, -1, -1, -1, -1, -1, -1, -1, -1, -1, -1, -1, -1, -1, -1, -1, -1, -1, -1, -1, -1, -1, -1, -1, -1, -1, -1, -1, -1, -1, -1, -1, -1, -1, -1, -1, -1, -1, -1, -1, -1, -1, -1, -1, -1, -1, -1)","(-, -, -, -, -, -, -, -, -, -, -, -, -, -, -, -, -, -, -, -, -, -, -, -, -, -, -, -, -, -, -, -, -, -, -, -, -, -, -, -, -, -, -, -, -, -, -, -, -, -, -)",0.0,0.0,0,-,0,0,-,"(-9999.0, -9999.0, -9999.0, -9999.0, -9999.0)","(-9999.0, -9999.0, -9999.0, -9999.0, -9999.0)","(18.517000198364258, 18.291000366210938, 17.652999877929688, 17.375999450683594, 17.233999252319336)","(0.023000000044703484, 0.027000000700354576, 0.014999999664723873, 0.014999999664723873, 0.023000000044703484)",-27.522139000000006,"(-9999.0, -9999.0, -9999.0, -9999.0, -9999.0)",0.0,0.0,-1.0,2.1420929000000002E-13,8.535689999999999E-15,3.9736599999999997E-13,3.015745E-14,6.17304E-13,2.43618E-14,7.753009781418467E45,0.09627491722693712,1.0,10.518561363220217,8.704759986273979,17.20193099975586,1.5021879353755019,16.305999999999994,0.106,10.8,2,15.206,0.095,12.3,2,14.886,0.092,12.8,2,0.196466,13.681,0.026,41.70000076293945,1.236,12.529000000000002,0.024,45.5,1.098,9.584,0.043,25.0,0.809,7.051,0.026,13.5,1.123,0000,AAAA,0.098242,0.0,0.0,0.0,0.0,0.0,0.0,0.0,0.0,0.0,0,-1.0,-1.0,-1.0,0.10275288713523921
